Ea (kJ/mol),T1 (°C),T2 (°C),D2/D1,Percent Increase
20.0,15.0,18.0,1.0898295004763061,8.982950047630611
20.0,15.0,19.0,1.1210911219419089,12.109112194190885
20.0,15.0,20.0,1.1530269848353498,15.302698483534982
20.0,15.0,21.0,1.1856461308700912,18.564613087009118
20.0,15.0,22.0,1.218957622172928,21.89576221729279
20.0,15.0,23.0,1.2529705400358837,25.29705400358837
20.0,15.0,24.0,1.2876939836713923,28.76939836713923
20.0,15.0,25.0,1.3231370689711557,32.313706897115566
20.0,16.0,19.0,1.089185687769203,8.9185687769203
20.0,16.0,20.0,1.1202126793395617,12.021267933956171
20.0,16.0,21.0,1.15190350831228,15.190350831227995
20.0,16.0,22.0,1.1842669789126457,18.426697891264567
20.0,16.0,23.0,1.2173119139857471,21.731191398574712
20.0,16.0,24.0,1.2510471537870806,25.104715378708065
20.0,16.0,25.0,1.2854815547767318,28.548155477673177
20.0,16.0,26.0,1.3206239884174853,32.06239884174853
20.0,17.0,20.0,1.088548860880055,8.85488608800551
20.0,17.0,21.0,1.1193439200816127,11.934392008161264
20.0,17.0,22.0,1.150792608090503,15.07926080905031
20.0,17.0,23.0,1.182903498366167,18.290349836616706
20.0,17.0,24.0,1.2156851812863312,21.56851812863312
20.0,17.0,25.0,1.249146262975275,24.914626297527498
20.0,17.0,26.0,1.2832953641359124,28.32953641359124
20.0,17.0,27.0,1.3181411188860415,31.814111888604145
20.0,18.0,21.0,1.0879189179150581,8.791891791505812
20.0,18.0,22.0,1.118484700258331,11.848470025833091
20.0,18.0,23.0,1.1496940938819122,14.969409388191224
20.0,18.0,24.0,1.1815554479931127,18.155544799311272
20.0,18.0,25.0,1.2140771271037196,21.40771271037196
20.0,18.0,26.0,1.2472675098948673,24.726750989486735
20.0,18.0,27.0,1.281134988085958,28.113498808595793
20.0,18.0,28.0,1.3156879653079767,31.56879653079767
20.0,19.0,22.0,1.087295758850983,8.729575885098306
20.0,19.0,23.0,1.1176348786578014,11.763487865780142
20.0,19.0,24.0,1.1486077790366411,14.860777903664113
20.0,19.0,25.0,1.1802225912549116,18.022259125491157
20.0,19.0,26.0,1.2124874603542566,21.248746035425658
20.0,19.0,27.0,1.2454105440510173,24.541054405101725
20.0,19.0,28.0,1.2790000116409612,27.90000116409612
20.0,19.0,29.0,1.3132640429085642,31.326404290856424
20.0,20.0,23.0,1.0866792854937437,8.66792854937437
20.0,20.0,24.0,1.1167943167048016,11.679431670480156
20.0,20.0,25.0,1.1475334804589132,14.753348045891324
20.0,20.0,26.0,1.178904696201153,17.89046962011529
20.0,20.0,27.0,1.2109158957002342,21.091589570023416
20.0,20.0,28.0,1.2435750219835788,24.357502198357885
20.0,20.0,29.0,1.2768900282768052,27.68900282768052
20.0,20.0,30.0,1.3108688769479644,31.086887694796438
20.0,21.0,24.0,1.0860694014380265,8.606940143802655
20.0,21.0,25.0,1.1159628784013036,11.596287840130358
20.0,21.0,26.0,1.1464710185251605,14.647101852516053
20.0,21.0,27.0,1.1776015353618345,17.760153536183452
20.0,21.0,28.0,1.2093621534125232,20.936215341252318
20.0,21.0,29.0,1.2417606070960518,24.176060709605185
20.0,21.0,30.0,1.2748046397221542,27.480463972215418
20.0,21.0,31.0,1.3085020024696392,30.850200246963922
20.0,22.0,25.0,1.0854660120279787,8.546601202797866
20.0,22.0,26.0,1.1151404302685517,11.51404302685517
20.0,22.0,27.0,1.1454202170043635,14.542021700436347
20.0,22.0,28.0,1.1763128856426008,17.631288564260082
20.0,22.0,29.0,1.2078259592370493,20.78259592370493
20.0,22.0,30.0,1.2399669694894346,23.996696948943463
20.0,22.0,31.0,1.2727434557555124,27.27434557555124
20.0,22.0,32.0,1.3061629640561547,30.616296405615472
20.0,23.0,26.0,1.0848690243188959,8.486902431889586
20.0,23.0,27.0,1.1143268412906593,11.43268412906593
20.0,23.0,28.0,1.1443809029805403,14.438090298054028
20.0,23.0,29.0,1.17503852822283,17.503852822282994
20.0,23.0,30.0,1.206307044265004,20.63070442650039
20.0,23.0,31.0,1.2381937858007925,23.819378580079253
20.0,23.0,32.0,1.270706094008113,27.070609400811296
20.0,23.0,33.0,1.3038513155921372,30.38513155921372
20.0,24.0,27.0,1.0842783470398976,8.427834703989756
20.0,24.0,28.0,1.1135219828597038,11.352198285970383
20.0,24.0,29.0,1.1433529067773016,14.33529067773016
20.0,24.0,30.0,1.1737782484565256,17.377824845652555
20.0,24.0,31.0,1.2048051448066739,20.480514480667388
20.0,24.0,32.0,1.2364407390463803,23.64407390463803
20.0,24.0,33.0,1.2686921797724884,26.869217977248837
20.0,24.0,34.0,1.30156662003414,30.156662003414002
20.0,25.0,28.0,1.083693890557561,8.369389055756105
20.0,25.0,29.0,1.1127257287222336,11.272572872223364
20.0,25.0,30.0,1.1423360618844265,14.23360618844265
20.0,25.0,31.0,1.1725318357759011,17.253183577590114
20.0,25.0,32.0,1.2033200022687467,20.33200022687467
20.0,25.0,33.0,1.2347075184691934,23.470751846919335
20.0,25.0,34.0,1.2667013458165066,26.67013458165066
20.0,25.0,35.0,1.2993084491871665,29.930844918716648
20.0,26.0,29.0,1.0831155668404713,8.311556684047128
20.0,26.0,30.0,1.111937954927185,11.193795492718506
20.0,26.0,31.0,1.1413302048863982,14.133020488639826
20.0,26.0,32.0,1.1712990835975703,17.129908359757028
20.0,26.0,33.0,1.2018513630350198,20.185136303501984
20.0,26.0,34.0,1.232993819390796,23.29938193907961
20.0,26.0,35.0,1.2647332322026967,26.473323220269673
20.0,26.0,36.0,1.2970763834876762,29.707638348767617
20.0,27.0,30.0,1.0825432894246803,8.254328942468025
20.0,27.0,31.0,1.1111585397751573,11.115853977515734
20.0,27.0,32.0,1.1403351753928217,14.033517539282169
20.0,27.0,33.0,1.170079789231284,17.007978923128398
20.0,27.0,34.0,1.2003989783503874,20.039897835038744
20.0,27.0,35.0,1.2312993430672776,23.129934306727762
20.0,27.0,36.0,1.262787486112718,26.278748611271794
20.0,27.0,37.0,1.294870011792811,29.48700117928109
20.0,28.0,31.0,1.0819769733800315,8.197697338003152
20.0,28.0,32.0,1.1103873637689678,11.038736376896786
20.0,28.0,33.0,1.1393508159706758,13.935081597067578
20.0,28.0,34.0,1.168873753791108,16.887375379110804
20.0,28.0,35.0,1.1989626042079757,19.896260420797574
20.0,28.0,36.0,1.2296237965492207,22.96237965492207
20.0,28.0,37.0,1.2608637616767517,26.086376167675173
20.0,28.0,38.0,1.2926889311756586,29.268893117565863
20.0,29.0,32.0,1.081416535277336,8.141653527733595
20.0,29.0,33.0,1.1096243095655154,10.96243095655154
20.0,29.0,34.0,1.1383769720783634,13.837697207836342
20.0,29.0,35.0,1.1676807821089836,16.768078210898363
20.0,29.0,36.0,1.1975420012393918,19.75420012393918
20.0,29.0,37.0,1.2279668925455471,22.796689254554714
20.0,29.0,38.0,1.258961719807723,25.896171980772298
20.0,29.0,39.0,1.2905327467263719,29.053274672637187
20.0,30.0,33.0,1.08086189315637,8.086189315637004
20.0,30.0,34.0,1.108869261928862,10.886926192886204
20.0,30.0,35.0,1.1374134920014645,13.741349200146447
20.0,30.0,36.0,1.1665006826506024,16.650068265060234
20.0,30.0,37.0,1.1961369346079196,19.613693460791957
20.0,30.0,38.0,1.226328349291118,22.632834929111787
20.0,30.0,39.0,1.257081028040147,25.7081028040147
20.0,30.0,40.0,1.2884010713589096,28.840107135890957
20.0,31.0,34.0,1.0803129664946713,8.031296649467134
20.0,31.0,35.0,1.108122107684499,10.812210768449892
20.0,31.0,36.0,1.1364602267901778,13.646022679017777
20.0,31.0,37.0,1.165333267433491,16.533326743349107
20.0,31.0,38.0,1.1947471739046123,19.474717390461226
20.0,31.0,39.0,1.2247078904179651,22.470789041796515
20.0,31.0,40.0,1.255221360373456,25.52213603734561
20.0,32.0,35.0,1.0797696761771123,7.976967617711228
20.0,32.0,36.0,1.1073827356748107,10.738273567481071
20.0,32.0,37.0,1.1355170301983846,13.551703019838456
20.0,32.0,38.0,1.1641783519472952,16.417835194729523
20.0,32.0,39.0,1.1933724930471927,19.337249304719272
20.0,32.0,40.0,1.2231052448300508,22.31052448300508
20.0,33.0,36.0,1.0792319444662324,7.9231944466232385
20.0,33.0,37.0,1.106651036715634,10.665103671563392
20.0,33.0,38.0,1.1345837586242882,13.458375862428817
20.0,33.0,39.0,1.1630357550761419,16.303575507614188
20.0,33.0,40.0,1.1920126701816423,19.201267018164224
20.0,34.0,37.0,1.078699694973289,7.869969497328899
20.0,34.0,38.0,1.1059269035539299,10.592690355392985
20.0,34.0,39.0,1.1336602710525792,13.366027105257917
20.0,34.0,40.0,1.1619052990230376,16.190529902303762
20.0,35.0,38.0,1.0781728526300434,7.817285263004337
20.0,35.0,39.0,1.105210230826529,10.521023082652903
20.0,35.0,40.0,1.1327464289980926,13.274642899809264
20.0,36.0,39.0,1.0776513436612158,7.765134366121584
20.0,36.0,40.0,1.104500915019884,10.450091501988389
20.0,37.0,40.0,1.0771350955576278,7.713509555762776
30.0,15.0,18.0,1.1377264098200095,13.77264098200095
30.0,15.0,19.0,1.1870291115339393,18.70291115339393
30.0,15.0,20.0,1.2381099309704822,23.810993097048218
30.0,15.0,21.0,1.2910189962941858,29.101899629418583
30.0,15.0,22.0,1.345807397131022,34.580739713102204
30.0,15.0,23.0,1.4025271915495845,40.25271915495845
30.0,15.0,24.0,1.461231412871597,46.12314128715971
30.0,15.0,25.0,1.5219740763092529,52.197407630925284
30.0,16.0,19.0,1.1367183972854555,13.671839728545553
30.0,16.0,20.0,1.1856342213690796,18.56342213690796
30.0,16.0,21.0,1.2363008034707708,23.630080347077076
30.0,16.0,22.0,1.2887670678478942,28.87670678478942
30.0,16.0,23.0,1.343082866154232,34.3082866154232
30.0,16.0,24.0,1.399298983961837,39.9298983961837
30.0,16.0,25.0,1.457467147117057,45.74671471170571
30.0,16.0,26.0,1.5176400279284135,51.764002792841346
30.0,17.0,20.0,1.135721615432445,13.572161543244498
30.0,17.0,21.0,1.1842552453124318,18.425524531243177
30.0,17.0,22.0,1.2345127947826942,23.451279478269417
30.0,17.0,23.0,1.286542016851491,28.654201685149093
30.0,17.0,24.0,1.340391559129437,34.039155912943706
30.0,17.0,25.0,1.3961109699179517,39.61109699179517
30.0,17.0,26.0,1.453750704136642,45.3750704136642
30.0,17.0,27.0,1.5133621290875128,51.33621290875128
30.0,18.0,21.0,1.1347358953357052,13.473589533570518
30.0,18.0,22.0,1.1828919373893512,18.28919373893512
30.0,18.0,23.0,1.2327455699753573,23.274556997535733
30.0,18.0,24.0,1.2843434065161297,28.434340651612967
30.0,18.0,25.0,1.3377329234627087,33.773292346270864
30.0,18.0,26.0,1.3929624659742996,39.29624659742996
30.0,18.0,27.0,1.450081253441454,45.0081253441454
30.0,18.0,28.0,1.5091393848509933,50.91393848509933
30.0,19.0,22.0,1.1337610712781099,13.376107127810988
30.0,19.0,23.0,1.1815440564361288,18.154405643612883
30.0,19.0,24.0,1.2309988008493908,23.099880084939084
30.0,19.0,25.0,1.282170809056638,28.217080905663792
30.0,19.0,26.0,1.335106418223387,33.51064182233869
30.0,19.0,27.0,1.3898528034357092,38.98528034357091
30.0,19.0,28.0,1.4464579828423243,44.64579828423243
30.0,19.0,29.0,1.5049708226431848,50.49708226431848
30.0,20.0,23.0,1.1327969806770108,13.279698067701084
30.0,20.0,24.0,1.1802113659860745,18.021136598607445
30.0,20.0,25.0,1.2292721657730878,22.927216577308783
30.0,20.0,26.0,1.280023805466714,28.00238054667139
30.0,20.0,27.0,1.3325115138460009,33.251151384600085
30.0,20.0,28.0,1.3867813279703296,38.67813279703296
30.0,20.0,29.0,1.4428800979621834,44.28800979621834
30.0,20.0,30.0,1.5008554916411718,50.08554916411718
30.0,21.0,24.0,1.1318434640125348,13.184346401253478
30.0,21.0,25.0,1.1788936341587644,17.889363415876435
30.0,21.0,26.0,1.227565349523203,22.756534952320308
30.0,21.0,27.0,1.2779019853006903,27.790198530069034
30.0,21.0,28.0,1.329947691841125,32.994769184112506
30.0,21.0,29.0,1.3837473992362253,38.37473992362253
30.0,21.0,30.0,1.4393468217636396,43.93468217636396
30.0,21.0,31.0,1.4967924621869206,49.679246218692064
30.0,22.0,25.0,1.130900364757826,13.090036475782597
30.0,22.0,26.0,1.1775906335523558,17.759063355235583
30.0,22.0,27.0,1.225878043130289,22.58780431302889
30.0,22.0,28.0,1.2758049464616963,27.58049464616963
30.0,22.0,29.0,1.3274144445148424,32.741444451484234
30.0,22.0,30.0,1.3807503905193736,38.07503905193737
30.0,22.0,31.0,1.4358573940912382,43.585739409123825
30.0,22.0,32.0,1.4927808252179608,49.27808252179609
30.0,23.0,26.0,1.1299675293111335,12.996752931113353
30.0,23.0,27.0,1.1763021411388574,17.630214113885746
30.0,23.0,28.0,1.2242099437284217,22.420994372842173
30.0,23.0,29.0,1.2737322949959249,27.37322949959249
30.0,23.0,30.0,1.3249112746965415,32.491127469654145
30.0,23.0,31.0,1.377789688382626,37.77896883826259
30.0,23.0,32.0,1.4324110712278175,43.241107122781756
30.0,23.0,33.0,1.4888196917159793,48.88196917159793
30.0,24.0,27.0,1.1290448069297134,12.904480692971344
30.0,24.0,28.0,1.1750279381623008,17.502793816230078
30.0,24.0,29.0,1.2225607544091457,22.256075440914568
30.0,24.0,30.0,1.2716836448928766,27.168364489287654
30.0,24.0,31.0,1.3224376954747732,32.24376954747732
30.0,24.0,32.0,1.3748646923252392,37.48646923252392
30.0,24.0,33.0,1.429007125464541,42.90071254645409
30.0,24.0,34.0,1.4849081921726794,48.49081921726794
30.0,25.0,28.0,1.1281320496654899,12.813204966548986
30.0,25.0,29.0,1.173767810039657,17.37678100396569
30.0,25.0,30.0,1.2209301840795244,22.093018407952435
30.0,25.0,31.0,1.2696586178913443,26.965861789134426
30.0,25.0,32.0,1.3199932299408437,31.999322994084366
30.0,25.0,33.0,1.3719748144526498,37.19748144526498
30.0,25.0,34.0,1.425644844684075,42.56448446840751
30.0,25.0,35.0,1.481045476072244,48.104547607224404
30.0,26.0,29.0,1.1272291123023996,12.722911230239964
30.0,26.0,30.0,1.1725215462644774,17.252154626447734
30.0,26.0,31.0,1.2193179473241793,21.93179473241793
30.0,26.0,32.0,1.267656843290943,26.7656843290943
30.0,26.0,33.0,1.3175774109399534,31.75774109399534
30.0,26.0,34.0,1.3691194791561265,36.91194791561265
30.0,26.0,35.0,1.4223235319564569,42.232353195645686
30.0,26.0,36.0,1.4772307113898973,47.723071138989724
30.0,27.0,30.0,1.1263358522954021,12.633585229540213
30.0,27.0,31.0,1.1712889403131534,17.128894031315344
30.0,27.0,32.0,1.2177237642711454,21.772376427114537
30.0,27.0,33.0,1.265677957769041,26.56779577690409
30.0,27.0,34.0,1.3151897808295925,31.518978082959247
30.0,27.0,35.0,1.3662981228019395,36.62981228019395
30.0,27.0,36.0,1.4190425051472602,41.904250514726016
30.0,27.0,37.0,1.4734630841059129,47.346308410591284
30.0,28.0,31.0,1.1254521297110736,12.545212971107356
30.0,28.0,32.0,1.1700697895536643,17.006978955366424
30.0,28.0,33.0,1.216147360461449,21.6147360461449
30.0,28.0,34.0,1.2637216052028684,26.372160520286837
30.0,28.0,35.0,1.3128298912449112,31.282989124491124
30.0,28.0,36.0,1.3635101934297553,36.35101934297553
30.0,28.0,37.0,1.4158010965375318,41.58010965375318
30.0,28.0,38.0,1.4697417977345593,46.97417977345593
30.0,29.0,32.0,1.1245778071697556,12.457780716975563
30.0,29.0,33.0,1.1688638951568253,16.88638951568253
30.0,29.0,34.0,1.214588466722314,21.45884667223139
30.0,29.0,35.0,1.2617874364966657,26.17874364966657
30.0,29.0,36.0,1.3104973028709386,31.04973028709386
30.0,29.0,37.0,1.3607551504599285,36.075515045992844
30.0,29.0,38.0,1.4125986524552168,41.259865245521674
30.0,29.0,39.0,1.4660660728674844,46.606607286748435
30.0,30.0,33.0,1.123712749789211,12.371274978921099
30.0,30.0,34.0,1.1676710620098951,16.767106200989513
30.0,30.0,35.0,1.2130468190438128,21.304681904381283
30.0,30.0,36.0,1.2598751094137155,25.98751094137155
30.0,30.0,37.0,1.308191585221306,30.819158522130596
30.0,30.0,38.0,1.3580324644093928,35.80324644093928
30.0,30.0,39.0,1.4094345329175864,40.94345329175864
30.0,30.0,40.0,1.4624351467309722,46.243514673097216
30.0,31.0,34.0,1.1228568251297293,12.28568251297293
30.0,31.0,35.0,1.1664910986324593,16.649109863245926
30.0,31.0,36.0,1.2115221584589262,21.15221584589262
30.0,31.0,37.0,1.2579842884130457,25.798428841304567
30.0,31.0,38.0,1.305912316423331,30.591231642333106
30.0,31.0,39.0,1.3553416166158554,35.53416166158554
30.0,31.0,40.0,1.4063081112843008,40.630811128430075
30.0,32.0,35.0,1.1220099031406532,12.200990314065319
30.0,32.0,36.0,1.1653238170946034,16.532381709460342
30.0,32.0,37.0,1.2100142309268616,21.001423092686156
30.0,32.0,38.0,1.256114644490743,25.611464449074294
30.0,32.0,39.0,1.3036590830092567,30.36590830092567
30.0,32.0,40.0,1.3526820989700317,35.26820989700317
30.0,33.0,36.0,1.1211718561082857,12.117185610828574
30.0,33.0,37.0,1.1641690329371985,16.416903293719855
30.0,33.0,38.0,1.2085227872195419,20.852278721954185
30.0,33.0,39.0,1.2542658550256476,25.42658550256476
30.0,33.0,40.0,1.3014314797133872,30.143147971338724
30.0,34.0,37.0,1.1203425586051048,12.034255860510479
30.0,34.0,38.0,1.1630265650943097,16.302656509430967
30.0,34.0,39.0,1.207047582811162,20.7047582811162
30.0,34.0,40.0,1.2524376036293166,25.243760362931656
30.0,35.0,38.0,1.1195218874403094,11.952188744030945
30.0,35.0,39.0,1.161896235817655,16.1896235817655
30.0,35.0,40.0,1.205588377770728,20.558837777072792
30.0,36.0,39.0,1.1187097216115878,11.870972161158777
30.0,36.0,40.0,1.1607778706029983,16.07778706029983
30.0,37.0,40.0,1.1179059422581235,11.790594225812345
40.0,15.0,18.0,1.187728340108435,18.77283401084351
40.0,15.0,19.0,1.256845303696968,25.6845303696968
40.0,15.0,20.0,1.3294712277584981,32.94712277584981
40.0,15.0,21.0,1.4057567476472175,40.57567476472175
40.0,15.0,22.0,1.4858576846534783,48.58576846534783
40.0,15.0,23.0,1.5699351741978143,56.993517419781426
40.0,15.0,24.0,1.6581557955834998,65.81557955834998
40.0,15.0,25.0,1.7506917032855807,75.06917032855807
40.0,16.0,19.0,1.1863254624412718,18.63254624412718
40.0,16.0,20.0,1.2548764469531195,25.48764469531195
40.0,16.0,21.0,1.3268816924621387,32.688169246213874
40.0,16.0,22.0,1.4024882773428844,40.24882773428844
40.0,16.0,23.0,1.4818482959316432,48.184829593164324
40.0,16.0,24.0,1.5651189809987556,56.51189809987556
40.0,16.0,25.0,1.6524628276712034,65.24628276712035
40.0,16.0,26.0,1.7440477187837065,74.40477187837064
40.0,17.0,20.0,1.1849386225232656,18.493862252326565
40.0,17.0,21.0,1.2529308114236715,25.293081142367146
40.0,17.0,22.0,1.3243236268357421,32.43236268357421
40.0,17.0,23.0,1.3992606864469166,39.92606864469166
40.0,17.0,24.0,1.4778904599991802,47.789045999918024
40.0,17.0,25.0,1.560366386305095,56.03663863050949
40.0,17.0,26.0,1.646846991612724,64.68469916127239
40.0,17.0,27.0,1.7374960092981455,73.74960092981455
40.0,18.0,21.0,1.1835675719574708,18.356757195747075
40.0,18.0,22.0,1.2510080247119686,25.100802471196857
40.0,18.0,23.0,1.3217965095069513,32.17965095069513
40.0,18.0,24.0,1.3960732766822053,39.60732766822053
40.0,18.0,25.0,1.4739832705564215,47.398327055642156
40.0,18.0,26.0,1.5556762412393428,55.56762412393428
40.0,18.0,27.0,1.6413068576980077,64.13068576980076
40.0,18.0,28.0,1.7310348220562435,73.10348220562435
40.0,19.0,22.0,1.1822120672153351,18.221206721533513
40.0,19.0,23.0,1.2491077219924385,24.910772199243848
40.0,19.0,24.0,1.3192998300634855,31.92998300634855
40.0,19.0,25.0,1.3929253649084579,39.292536490845784
40.0,19.0,26.0,1.4701258415163152,47.01258415163152
40.0,19.0,27.0,1.5510474232334506,55.10474232334506
40.0,19.0,28.0,1.6358410297775792,63.584102977757915
40.0,19.0,29.0,1.7246624463965472,72.46624463965472
40.0,20.0,23.0,1.1808718695211935,18.08718695211935
40.0,20.0,24.0,1.2472295458241447,24.72295458241447
40.0,20.0,25.0,1.316833088774147,31.683308877414706
40.0,20.0,26.0,1.3898162827251324,38.981628272513234
40.0,20.0,27.0,1.4663173064595003,46.63173064595003
40.0,20.0,28.0,1.5464788353014585,54.64788353014585
40.0,20.0,29.0,1.6304481443127405,63.044814431274055
40.0,20.0,30.0,1.7183772125508174,71.83772125508175
40.0,21.0,24.0,1.1795467447399535,17.954674473995347
40.0,21.0,25.0,1.2453731459697226,24.53731459697226
40.0,21.0,26.0,1.3143957963181192,31.43957963181192
40.0,21.0,27.0,1.38674537608655,38.674537608655
40.0,21.0,28.0,1.4625568181065751,46.255681810657514
40.0,21.0,29.0,1.541969405335555,54.196940533555505
40.0,21.0,30.0,1.6251268694571313,62.51268694571313
40.0,21.0,31.0,1.712177490467056,71.21774904670559
40.0,22.0,25.0,1.178236463267924,17.823646326792407
40.0,22.0,26.0,1.2435381792195306,24.35381792195306
40.0,22.0,27.0,1.3119874735223234,31.19874735223234
40.0,22.0,28.0,1.3837120049288223,38.37120049288223
40.0,22.0,29.0,1.4588435478068984,45.88435478068984
40.0,22.0,30.0,1.5375180854248127,53.75180854248127
40.0,22.0,31.0,1.6198759041684838,61.987590416848384
40.0,22.0,32.0,1.7060616886719597,70.60616886719598
40.0,23.0,26.0,1.1769407999266333,17.694079992663326
40.0,23.0,27.0,1.2417243092208183,24.172430922081833
40.0,23.0,28.0,1.3096076511065566,30.960765110655665
40.0,23.0,29.0,1.3807155428080744,38.07155428080744
40.0,23.0,30.0,1.45517668504337,45.517668504337
40.0,23.0,31.0,1.5331238511956988,53.31238511956988
40.0,23.0,32.0,1.6146939773493554,61.46939773493554
40.0,23.0,33.0,1.7000282531713469,70.0028253171347
40.0,24.0,27.0,1.1756595338595726,17.565953385957258
40.0,24.0,28.0,1.2399312063118066,23.993120631180666
40.0,24.0,29.0,1.307255869436105,30.725586943610494
40.0,24.0,30.0,1.3777553765496693,37.775537654966925
40.0,24.0,31.0,1.4515554369526305,45.15554369526305
40.0,24.0,32.0,1.5287857011735593,52.87857011735593
40.0,24.0,33.0,1.609579847015868,60.957984701586795
40.0,24.0,34.0,1.6940756663870955,69.40756663870955
40.0,25.0,28.0,1.1743924484317834,17.439244843178336
40.0,25.0,29.0,1.2381585473604257,23.815854736042574
40.0,25.0,30.0,1.30493167828162,30.493167828162004
40.0,25.0,31.0,1.374830905908005,37.48309059080051
40.0,25.0,32.0,1.4479790278600564,44.797902786005636
40.0,25.0,33.0,1.5245026561643535,52.45026561643535
40.0,25.0,34.0,1.6045322994933493,60.45322994933493
40.0,25.0,35.0,1.6882024461291596,68.82024461291596
40.0,26.0,29.0,1.1731393311321554,17.31393311321554
40.0,26.0,30.0,1.2364060156076508,23.640601560765084
40.0,26.0,31.0,1.3026346365860277,30.263463658602774
40.0,26.0,32.0,1.3719415432365079,37.194154323650785
40.0,26.0,33.0,1.444446698829135,44.44466988291349
40.0,26.0,34.0,1.520273758655903,52.0273758655903
40.0,26.0,35.0,1.5995501486378803,59.95501486378802
40.0,26.0,36.0,1.682407144601469,68.2407144601469
40.0,27.0,30.0,1.1718999734784068,17.18999734784068
40.0,27.0,31.0,1.23467330051526,23.46733005152599
40.0,27.0,32.0,1.3003643122381774,30.03643122381774
40.0,27.0,33.0,1.369086713167526,36.908671316752596
40.0,27.0,34.0,1.440957707224654,44.0957707224654
40.0,27.0,35.0,1.5160980722379092,51.60980722379092
40.0,27.0,36.0,1.5946322350828777,59.46322350828777
40.0,27.0,37.0,1.6766883474403143,67.66883474403143
40.0,28.0,31.0,1.1706741709246136,17.067417092461355
40.0,28.0,32.0,1.2329600976177981,23.296009761779814
40.0,28.0,33.0,1.2981202818530444,29.81202818530444
40.0,28.0,34.0,1.366265852301716,36.62658523017159
40.0,28.0,35.0,1.437511326289171,43.7511326289171
40.0,28.0,36.0,1.5119746810401196,51.19746810401195
40.0,28.0,37.0,1.5897774255096484,58.97774255096484
40.0,28.0,38.0,1.671044672784067,67.10446727840672
40.0,29.0,32.0,1.1694617227712376,16.94617227712376
40.0,29.0,33.0,1.2312661083787468,23.126610837874683
40.0,29.0,34.0,1.2959021305583032,29.59021305583032
40.0,29.0,35.0,1.3634784089066478,36.347840890664784
40.0,29.0,36.0,1.4341068447324474,43.41068447324474
40.0,29.0,37.0,1.5079026891879672,50.79026891879672
40.0,29.0,38.0,1.5849846119412196,58.498461194121965
40.0,29.0,39.0,1.6654747703731139,66.54747703731138
40.0,30.0,33.0,1.1682624320775723,16.82624320775723
40.0,30.0,34.0,1.2295910400506591,22.95910400506591
40.0,30.0,35.0,1.2937094517869656,29.370945178696562
40.0,30.0,36.0,1.3607238426243211,36.07238426243211
40.0,30.0,37.0,1.4307435663332306,43.07435663332306
40.0,30.0,38.0,1.5038812202750782,50.38812202750782
40.0,30.0,39.0,1.580252711058473,58.025271105847295
40.0,30.0,40.0,1.6599773206787858,65.99773206787857
40.0,31.0,34.0,1.167076105576517,16.70761055765171
40.0,31.0,35.0,1.2279346055391365,22.793460553913647
40.0,31.0,36.0,1.291541847075982,29.15418470759821
40.0,31.0,37.0,1.3580016241872166,35.80016241872166
40.0,31.0,38.0,1.427420809553058,42.74208095530581
40.0,31.0,39.0,1.4999094168520222,49.990941685202216
40.0,31.0,40.0,1.5755806635377896,57.558066353778955
40.0,32.0,35.0,1.1659025535916256,16.590255359162565
40.0,32.0,36.0,1.2262965232706275,22.629652327062754
40.0,32.0,37.0,1.289398925870559,28.939892587055894
40.0,32.0,38.0,1.3553112351427203,35.53112351427203
40.0,32.0,39.0,1.424137907161672,42.4137907161672
40.0,32.0,40.0,1.4959864399307783,49.59864399307783
40.0,33.0,36.0,1.164741589956365,16.47415899563649
40.0,33.0,37.0,1.2246765170637874,22.467651706378746
40.0,33.0,38.0,1.2872803053340167,28.72803053340167
40.0,33.0,39.0,1.3526521675855316,35.265216758553166
40.0,33.0,40.0,1.4208942058735685,42.089420587356855
40.0,34.0,37.0,1.163593031935467,16.359303193546705
40.0,34.0,38.0,1.2230743160043833,22.30743160043833
40.0,34.0,39.0,1.2851856101630073,28.518561016300726
40.0,34.0,40.0,1.3500239238978147,35.00239238978147
40.0,35.0,38.0,1.1624567001484052,16.24567001484052
40.0,35.0,39.0,1.2214896543236295,22.148965432362957
40.0,35.0,40.0,1.2831144724079309,28.311447240793086
40.0,36.0,39.0,1.161332418494824,16.133241849482395
40.0,36.0,40.0,1.2199222712797608,21.992227127976083
40.0,37.0,40.0,1.1602200140819399,16.022001408193987
50.0,15.0,18.0,1.2399278048928422,23.992780489284215
50.0,15.0,19.0,1.3307677984272912,33.076779842729124
50.0,15.0,20.0,1.4275741606015981,42.75741606015981
50.0,15.0,21.0,1.53069167783599,53.069167783599
50.0,15.0,22.0,1.6404821847095676,64.04821847095677
50.0,15.0,23.0,1.7573252526108942,75.73252526108942
50.0,15.0,24.0,1.8816188991064036,88.16188991064035
50.0,15.0,25.0,2.013780318377907,101.37803183779069
50.0,16.0,19.0,1.238097409347265,23.8097409347265
50.0,16.0,20.0,1.3281624878365315,32.816248783653144
50.0,16.0,21.0,1.4240992328472712,42.40992328472713
50.0,16.0,22.0,1.5262442819623339,52.62442819623339
50.0,16.0,23.0,1.6349507744396712,63.49507744396712
50.0,16.0,24.0,1.7505890111826103,75.05890111826103
50.0,16.0,25.0,1.873547134312042,87.3547134312042
50.0,16.0,26.0,2.0042318266648453,100.42318266648454
50.0,17.0,20.0,1.236288470755844,23.628847075584392
50.0,17.0,21.0,1.3255889086652293,32.55889086652293
50.0,17.0,22.0,1.4206681988290724,42.06681988290724
50.0,17.0,23.0,1.5218550525286927,52.18550525286927
50.0,17.0,24.0,1.6294941555549378,62.94941555549378
50.0,17.0,25.0,1.743946800771796,74.3946800771796
50.0,17.0,26.0,1.865591539227871,86.5591539227871
50.0,17.0,27.0,1.994824850115176,99.4824850115176
50.0,18.0,21.0,1.234500647372995,23.450064737299492
50.0,18.0,22.0,1.323046534028925,32.304653402892505
50.0,18.0,23.0,1.4172803010597599,41.72803010597599
50.0,18.0,24.0,1.5175229490631659,51.752294906316585
50.0,18.0,25.0,1.6241109445496655,62.41109445496655
50.0,18.0,26.0,1.7373968263127784,73.73968263127783
50.0,18.0,27.0,1.8577498293513883,85.77498293513884
50.0,18.0,28.0,1.9855565266207351,98.55565266207351
50.0,19.0,22.0,1.232733604351036,23.273360435103598
50.0,19.0,23.0,1.320534848143839,32.05348481438391
50.0,19.0,24.0,1.4139347986403872,41.39347986403872
50.0,19.0,25.0,1.5132469546962315,51.32469546962315
50.0,19.0,26.0,1.6187997903343425,61.87997903343425
50.0,19.0,27.0,1.730937336077698,73.0937336077698
50.0,19.0,28.0,1.850019776893494,85.0019776893494
50.0,19.0,29.0,1.9764240670038165,97.64240670038164
50.0,20.0,23.0,1.2309870135715644,23.098701357156436
50.0,20.0,24.0,1.3180533460436585,31.805334604365854
50.0,20.0,25.0,1.4106309668208579,41.063096682085785
50.0,20.0,26.0,1.50902607551398,50.90260755139799
50.0,20.0,27.0,1.613559373319705,61.35593733197049
50.0,20.0,28.0,1.724566620417119,72.45666204171191
50.0,20.0,29.0,1.8423992090869719,84.23992090869719
50.0,20.0,30.0,1.9674247527888478,96.74247527888478
50.0,21.0,24.0,1.2292605534816363,22.926055348163633
50.0,21.0,25.0,1.315601533304788,31.56015333047879
50.0,21.0,26.0,1.4073680965740614,40.736809657406134
50.0,21.0,27.0,1.5048593399320296,50.485933993202956
50.0,21.0,28.0,1.6083884045309975,60.83884045309975
50.0,21.0,29.0,1.7182830105431577,71.82830105431577
50.0,21.0,30.0,1.8348860065536239,83.48860065536239
50.0,21.0,31.0,1.9585559340530474,95.85559340530475
50.0,22.0,25.0,1.2275539089346639,22.755390893466387
50.0,22.0,26.0,1.3131789257797903,31.317892577979034
50.0,22.0,27.0,1.40414549418318,40.41454941831799
50.0,22.0,28.0,1.5007457980894616,50.07457980894616
50.0,22.0,29.0,1.6032856247512546,60.32856247512546
50.0,22.0,30.0,1.712084877353661,71.2084877353661
50.0,22.0,31.0,1.8274781017277872,82.74781017277873
50.0,22.0,32.0,1.9498150273528843,94.98150273528843
50.0,23.0,26.0,1.2258667710358029,22.58667710358029
50.0,23.0,27.0,1.3107850493387023,31.07850493387023
50.0,23.0,28.0,1.4009624808416876,40.096248084168764
50.0,23.0,29.0,1.496684521261899,49.66845212618991
50.0,23.0,30.0,1.5982498036925634,59.824980369256345
50.0,23.0,31.0,1.7059706302957778,70.59706302957778
50.0,23.0,32.0,1.820173477333877,82.0173477333877
50.0,23.0,33.0,1.9411995137233595,94.11995137233595
50.0,24.0,27.0,1.22419883699173,22.419883699173006
50.0,24.0,28.0,1.3084194396180346,30.841943961803466
50.0,24.0,29.0,1.3978183922655474,39.78183922655474
50.0,24.0,30.0,1.4926746012931709,49.26746012931709
50.0,24.0,31.0,1.5932797391942881,59.327973919428814
50.0,24.0,32.0,1.6999387162673931,69.9938716267393
50.0,24.0,33.0,1.812970164916026,81.29701649160259
50.0,24.0,34.0,1.9327069367471994,93.27069367471994
50.0,25.0,28.0,1.2225498099646706,22.254980996467054
50.0,25.0,29.0,1.3060816417770773,30.60816417770773
50.0,25.0,30.0,1.3947125783172316,39.471257831723165
50.0,25.0,31.0,1.4887151500448312,48.87151500448312
50.0,25.0,32.0,1.5883742564471461,58.837425644714614
50.0,25.0,33.0,1.6939876185550633,69.39876185550634
50.0,25.0,34.0,1.8058662434176822,80.58662434176821
50.0,25.0,35.0,1.924334900691096,92.4334900691096
50.0,26.0,29.0,1.2209193989304947,22.09193989304947
50.0,26.0,30.0,1.3037712102613837,30.377121026138365
50.0,26.0,31.0,1.391644402641168,39.164440264116806
50.0,26.0,32.0,1.4848052988628702,48.480529886287016
50.0,26.0,33.0,1.5835322072423352,58.35322072423352
50.0,26.0,34.0,1.6881158558070497,68.81158558070497
50.0,26.0,35.0,1.7988598378092453,79.88598378092453
50.0,26.0,36.0,1.9160810687065346,91.60810687065346
50.0,27.0,30.0,1.2193073185408152,21.93073185408152
50.0,27.0,31.0,1.301487708573155,30.14877085731551
50.0,27.0,32.0,1.3886132423101436,38.86132423101436
50.0,27.0,33.0,1.4809441980610814,48.094419806108135
50.0,27.0,34.0,1.578752469244713,57.8752469244713
50.0,27.0,35.0,1.6823219810400825,68.23219810400825
50.0,27.0,36.0,1.7919491177620022,79.19491177620021
50.0,27.0,37.0,1.9079431610924948,90.79431610924948
50.0,28.0,31.0,1.2177132889888982,21.77132889888982
50.0,28.0,32.0,1.2992307090482043,29.923070904820428
50.0,28.0,33.0,1.3856184874823354,38.561848748233544
50.0,28.0,34.0,1.4771310164204015,47.713101642040144
50.0,28.0,35.0,1.5740339452890724,57.403394528907235
50.0,28.0,36.0,1.676604580678658,67.6604580678658
50.0,28.0,37.0,1.785132296366382,78.5132296366382
50.0,28.0,38.0,1.8999189536176786,89.99189536176786
50.0,29.0,32.0,1.2161370358793013,21.613703587930132
50.0,29.0,33.0,1.2969997926394512,29.69997926394512
50.0,29.0,34.0,1.3826595410686497,38.265954106864974
50.0,29.0,35.0,1.4733649407037162,47.336494070371614
50.0,29.0,36.0,1.569375562698889,56.9375562698889
50.0,29.0,37.0,1.6709622736256267,67.09622736256267
50.0,29.0,38.0,1.7784076288930917,77.84076288930916
50.0,29.0,39.0,1.8920062759000198,89.20062759000199
50.0,30.0,33.0,1.2145782901011168,21.457829010111684
50.0,30.0,34.0,1.2947945487066028,29.479454870660284
50.0,30.0,35.0,1.3797358184098918,37.973581840989176
50.0,30.0,36.0,1.4696451751856012,46.96451751856012
50.0,30.0,37.0,1.564776272626488,56.4776272626488
50.0,30.0,38.0,1.6653937103629197,66.53937103629197
50.0,30.0,39.0,1.7717734115953239,77.17734115953239
50.0,30.0,40.0,1.8842030098411084,88.42030098411084
50.0,31.0,34.0,1.2130367877046864,21.303678770468636
50.0,31.0,35.0,1.2926145748118074,29.26145748118074
50.0,31.0,36.0,1.3768467469635568,37.68467469635568
50.0,31.0,37.0,1.46597094119637,46.59709411963699
50.0,31.0,38.0,1.5602350494140005,56.02350494140005
50.0,31.0,39.0,1.6598975720812785,65.98975720812786
50.0,31.0,40.0,1.7652279805505056,76.52279805505056
50.0,32.0,35.0,1.2115122697816962,21.151226978169625
50.0,32.0,36.0,1.2904594765212347,29.045947652123473
50.0,32.0,37.0,1.3739917659998522,37.39917659998522
50.0,32.0,38.0,1.4623414766800957,46.23414766800957
50.0,32.0,39.0,1.5557508899743737,55.57508899743737
50.0,32.0,40.0,1.6544725698379674,65.44725698379675
50.0,33.0,36.0,1.21000448234856,21.000448234856005
50.0,33.0,37.0,1.2883288672121878,28.832886721218777
50.0,33.0,38.0,1.3711703263066484,37.11703263066484
50.0,33.0,39.0,1.4587560357659768,45.875603576597676
50.0,33.0,40.0,1.5513228131916004,55.132281319160036
50.0,34.0,37.0,1.2085131762329209,20.851317623292086
50.0,34.0,38.0,1.286222367885713,28.6222367885713
50.0,34.0,39.0,1.3683818899030624,36.83818899030624
50.0,34.0,40.0,1.4552138883526178,45.521388835261774
50.0,35.0,38.0,1.2070381069632887,20.703810696328873
50.0,35.0,39.0,1.2841396069845057,28.41396069845057
50.0,35.0,40.0,1.3656259297613955,36.562592976139555
50.0,36.0,39.0,1.2055790346615922,20.55790346615922
50.0,36.0,40.0,1.2820802202158441,28.208022021584412
50.0,37.0,40.0,1.2041357239386437,20.413572393864364
60.0,15.0,18.0,1.294421383601928,29.442138360192804
60.0,15.0,19.0,1.4090381116290531,40.90381116290531
60.0,15.0,20.0,1.532916201167732,53.291620116773196
60.0,15.0,21.0,1.666730048792447,66.6730048792447
60.0,15.0,22.0,1.8111975501725763,81.11975501725763
60.0,15.0,23.0,1.9670825230359648,96.70825230359648
60.0,15.0,24.0,2.1351972419627234,113.51972419627234
60.0,15.0,25.0,2.3164050889574037,131.64050889574037
60.0,16.0,19.0,1.2921287147272145,29.212871472721446
60.0,16.0,20.0,1.4057285068814633,40.57285068814633
60.0,16.0,21.0,1.528439676662473,52.8439676662473
60.0,16.0,22.0,1.6609205551692585,66.09205551692585
60.0,16.0,23.0,1.8038715853570666,80.38715853570666
60.0,16.0,24.0,1.9580376465166296,95.80376465166296
60.0,16.0,25.0,2.124210484925533,112.42104849255333
60.0,16.0,26.0,2.3032312543705555,130.32312543705555
60.0,17.0,20.0,1.2898635877604825,28.98635877604825
60.0,17.0,21.0,1.402460486050008,40.24604860500081
60.0,17.0,22.0,1.5240218404821781,52.40218404821781
60.0,17.0,23.0,1.655190361124302,65.5190361124302
60.0,17.0,24.0,1.796649531785443,79.6649531785443
60.0,17.0,25.0,1.9491258403252438,94.91258403252438
60.0,17.0,26.0,2.1133911097777824,111.33911097777825
60.0,17.0,27.0,2.2902649337562897,129.02649337562897
60.0,18.0,21.0,1.2876255521633244,28.76255521633244
60.0,18.0,22.0,1.399233335540733,39.923333554073295
60.0,18.0,23.0,1.5196616402938687,51.966164029386874
60.0,18.0,24.0,1.6495379858614563,64.95379858614562
60.0,18.0,25.0,1.7895293745160852,78.95293745160852
60.0,18.0,26.0,1.940344431613202,94.0344431613202
60.0,18.0,27.0,2.1027356415823384,110.27356415823384
60.0,18.0,28.0,2.2775016829084347,127.75016829084348
60.0,19.0,22.0,1.2854141667456873,28.54141667456873
60.0,19.0,23.0,1.3960463572995419,39.60463572995418
60.0,19.0,24.0,1.515358047692638,51.535804769263805
60.0,19.0,25.0,1.6439619835969534,64.39619835969535
60.0,19.0,26.0,1.7825091479812816,78.25091479812815
60.0,19.0,27.0,1.9316908152181,93.16908152181
60.0,19.0,28.0,2.092240696128286,109.2240696128286
60.0,19.0,29.0,2.2649371770073046,126.49371770073046
60.0,20.0,23.0,1.283228999430952,28.3228999430952
60.0,20.0,24.0,1.3928988684027157,39.28988684027157
60.0,20.0,25.0,1.5111100575444583,51.11100575444583
60.0,20.0,26.0,1.6384609425614878,63.846094256148774
60.0,20.0,27.0,1.7755869345321609,77.5586934532161
60.0,20.0,28.0,1.9231624516071506,92.31624516071506
60.0,20.0,29.0,2.08190297709536,108.19029770953601
60.0,20.0,30.0,2.2525672067894633,125.25672067894634
60.0,21.0,24.0,1.281069627027894,28.106962702789406
60.0,21.0,25.0,1.3897902006600584,38.979020066005845
60.0,21.0,26.0,1.5069166873500237,50.691668735002374
60.0,21.0,27.0,1.633033484035446,63.30334840354459
60.0,21.0,28.0,1.7687608630335359,76.87608630335359
60.0,21.0,29.0,1.914756864893017,91.47568648930171
60.0,21.0,30.0,2.0717192733210905,107.17192733210905
60.0,21.0,31.0,2.2403876748595843,124.03876748595843
60.0,22.0,25.0,1.2789356350093837,27.893563500938367
60.0,22.0,26.0,1.3867197002302387,38.671970023023874
60.0,22.0,27.0,1.5027769766289463,50.277697662894624
60.0,22.0,28.0,1.6276782614161316,62.767826141613156
60.0,22.0,29.0,1.7620291075066477,76.20291075066477
60.0,22.0,30.0,1.9064716409194027,90.64716409194027
60.0,22.0,31.0,2.061686456166482,106.16864561664818
60.0,22.0,32.0,2.228394592138416,122.83945921384158
60.0,23.0,26.0,1.2768266172975076,27.682661729750755
60.0,23.0,27.0,1.3836867272478606,38.36867272478606
60.0,23.0,28.0,1.4986899863235457,49.86899863235457
60.0,23.0,29.0,1.6223939593155858,62.23939593155858
60.0,23.0,30.0,1.7553898858180144,75.53898858180143
60.0,23.0,31.0,1.8983044254134933,89.83044254134933
60.0,23.0,32.0,2.0518014769760238,105.18014769760238
60.0,23.0,33.0,2.2165840744412635,121.65840744412635
60.0,24.0,27.0,1.274742176054954,27.474217605495397
60.0,24.0,28.0,1.3806906554619476,38.06906554619476
60.0,24.0,29.0,1.4946547982214593,49.46547982214593
60.0,24.0,30.0,1.6171792926880317,61.717929268803175
60.0,24.0,31.0,1.7488414584126286,74.88414584126286
60.0,24.0,32.0,1.8902529222025746,89.02529222025746
60.0,24.0,33.0,2.04206136462843,104.206136462843
60.0,24.0,34.0,2.2049523391815353,120.49523391815353
60.0,25.0,28.0,1.2726819214824594,27.26819214824594
60.0,25.0,29.0,1.3777308718852919,37.77308718852919
60.0,25.0,30.0,1.4906705143964611,49.067051439646114
60.0,25.0,31.0,1.6120330059857584,61.20330059857584
60.0,25.0,32.0,1.742382127089661,74.23821270896609
60.0,25.0,33.0,1.882314891492383,88.23148914923831
60.0,25.0,34.0,2.0324632231742803,103.24632231742802
60.0,25.0,35.0,2.1934957021940598,119.34957021940598
60.0,26.0,29.0,1.2706454716220559,27.06454716220559
60.0,26.0,30.0,1.3748067764544407,37.480677645444075
60.0,26.0,31.0,1.4867362566668503,48.67362566668503
60.0,26.0,32.0,1.6069538723423582,60.695387234235824
60.0,26.0,33.0,1.7360102338192307,73.60102338192307
60.0,26.0,34.0,1.874488148204743,87.44881482047431
60.0,26.0,35.0,2.0230042295570905,102.30042295570905
60.0,26.0,36.0,2.1822105746735017,118.22105746735016
60.0,27.0,30.0,1.26863245216601,26.863245216600994
60.0,27.0,31.0,1.3719177816999102,37.19177816999102
60.0,27.0,32.0,1.482851166070688,48.2851166070688
60.0,27.0,33.0,1.6019406927824102,60.194069278241024
60.0,27.0,34.0,1.7297241595985917,72.97241595985918
60.0,27.0,35.0,1.8667705603721036,86.67705603721036
60.0,27.0,36.0,2.013681631414612,101.36816314146122
60.0,27.0,37.0,2.171093460222908,117.10934602229082
60.0,28.0,31.0,1.2666424962711913,26.66424962711913
60.0,28.0,32.0,1.3690633124261562,36.90633124261562
60.0,28.0,33.0,1.4790144023573497,47.901440235734974
60.0,28.0,34.0,1.5969922954565143,59.699229545651434
60.0,28.0,35.0,1.7235223233461257,72.35223233461257
60.0,28.0,36.0,1.8591600475868488,85.91600475868488
60.0,28.0,37.0,2.0044927449568775,100.44927449568775
60.0,28.0,38.0,2.1601409520080144,116.01409520080144
60.0,29.0,32.0,1.2646752443787364,26.467524437873635
60.0,29.0,33.0,1.366242805401186,36.62428054011859
60.0,29.0,34.0,1.4752251434948613,47.52251434948613
60.0,29.0,35.0,1.5921075349008273,59.21075349008274
60.0,29.0,36.0,1.7174031808320047,71.74031808320048
60.0,29.0,37.0,1.8516545795032224,85.16545795032225
60.0,29.0,38.0,1.9954349529182944,99.54349529182944
60.0,29.0,39.0,2.149349730013088,114.93497300130882
60.0,30.0,33.0,1.26273034403883,26.273034403883
60.0,30.0,34.0,1.3634557090553163,36.34557090553163
60.0,30.0,35.0,1.471482585192313,47.1482585192313
60.0,30.0,36.0,1.5872852913202213,58.72852913202213
60.0,30.0,37.0,1.7113652236438333,71.13652236438332
60.0,30.0,38.0,1.844252174389849,84.4252174389849
60.0,30.0,39.0,1.986505702580615,98.65057025806149
60.0,30.0,40.0,2.13871655839404,113.871655839404
60.0,31.0,34.0,1.2608074497404154,26.080744974041536
60.0,31.0,35.0,1.3607014831887618,36.070148318876186
60.0,31.0,36.0,1.4677859404369757,46.778594043697574
60.0,31.0,37.0,1.582524469894077,58.2524469894077
60.0,31.0,38.0,1.70540697818615,70.540697818615
60.0,31.0,39.0,1.8369508977308804,83.69508977308804
60.0,31.0,40.0,1.9777025038640172,97.77025038640173
60.0,32.0,35.0,1.258906222745698,25.890622274569797
60.0,32.0,36.0,1.3579795986879368,35.79795986879368
60.0,32.0,37.0,1.4641344390455242,46.41344390455242
60.0,32.0,38.0,1.5778240001041053,57.78240001041053
60.0,32.0,39.0,1.6995270047125361,69.95270047125362
60.0,32.0,40.0,1.8297488608739707,82.97488608739707
60.0,33.0,36.0,1.2570263309292988,25.702633092929883
60.0,33.0,37.0,1.355289537249932,35.52895372499321
60.0,33.0,38.0,1.4605273272288901,46.05273272288901
60.0,33.0,39.0,1.5731828350832189,57.31828350832189
60.0,33.0,40.0,1.6937238963889767,69.37238963889767
60.0,34.0,37.0,1.255167448621833,25.516744862183295
60.0,34.0,38.0,1.3526307911150686,35.263079111506855
60.0,34.0,39.0,1.4569638671702692,45.69638671702692
60.0,34.0,40.0,1.5685999509847453,56.85999509847453
60.0,35.0,38.0,1.2533292564579128,25.33292564579128
60.0,35.0,39.0,1.3500028628072358,35.00028628072358
60.0,35.0,40.0,1.4534433366158555,45.344333661585544
60.0,36.0,39.0,1.2515114412282764,25.15114412282764
60.0,36.0,40.0,1.347405264881631,34.740526488163106
60.0,37.0,40.0,1.2497136957360226,24.971369573602264
70.0,15.0,18.0,1.3513099002330489,35.13099002330489
70.0,15.0,19.0,1.491911964183016,49.19119641830161
70.0,15.0,20.0,1.6460315300273165,64.60315300273164
70.0,15.0,21.0,1.81485866538129,81.48586653812899
70.0,15.0,22.0,1.9996782630906247,99.96782630906247
70.0,15.0,23.0,2.2018767707825684,120.18767707825684
70.0,15.0,24.0,2.4229493359417043,142.29493359417043
70.0,15.0,25.0,2.6645073880103447,166.45073880103448
70.0,16.0,19.0,1.3485179783251693,34.85179783251693
70.0,16.0,20.0,1.487824459097659,48.782445909765904
70.0,16.0,21.0,1.640424902501598,64.0424902501598
70.0,16.0,22.0,1.8074807048822332,80.74807048822332
70.0,16.0,23.0,1.9902450565056358,99.02450565056358
70.0,16.0,24.0,2.1900693998909446,119.00693998909446
70.0,16.0,25.0,2.4084102831629344,140.84102831629343
70.0,16.0,26.0,2.64683662864339,164.68366286433903
70.0,17.0,20.0,1.3457604065604194,34.57604065604194
70.0,17.0,21.0,1.4837898854420444,48.37898854420444
70.0,17.0,22.0,1.6348944617617458,63.48944617617458
70.0,17.0,23.0,1.8002076656424177,80.02076656424177
70.0,17.0,24.0,1.980951897900822,98.0951897900822
70.0,17.0,25.0,2.178444629011776,117.84446290117758
70.0,17.0,26.0,2.394104973662308,139.4104973662308
70.0,17.0,27.0,2.6294606599124988,162.94606599124987
70.0,18.0,21.0,1.3430366084554672,34.30366084554672
70.0,18.0,22.0,1.4798073060411658,47.98073060411659
70.0,18.0,23.0,1.6294387915035844,62.94387915035844
70.0,18.0,24.0,1.7930375079201588,79.30375079201588
70.0,18.0,25.0,1.9717959496565665,97.17959496565665
70.0,18.0,26.0,2.1669986132543846,116.69986132543846
70.0,18.0,27.0,2.3800283054927815,138.00283054927814
70.0,18.0,28.0,2.6123728265136084,161.23728265136083
70.0,19.0,22.0,1.3403460198039672,34.034601980396715
70.0,19.0,23.0,1.475875804768638,47.5875804768638
70.0,19.0,24.0,1.6240565087689556,62.40565087689556
70.0,19.0,25.0,1.7859682420801901,78.59682420801902
70.0,19.0,26.0,1.9627744466044903,96.27744466044904
70.0,19.0,27.0,2.1557276094427444,115.57276094427445
70.0,19.0,28.0,2.3661753161827876,136.61753161827878
70.0,19.0,29.0,2.5955666607352192,159.5566660735219
70.0,20.0,23.0,1.3376880883600253,33.76880883600253
70.0,20.0,24.0,1.471994485975305,47.19944859753049
70.0,20.0,25.0,1.6187462629990608,61.874626299906076
70.0,20.0,26.0,1.7789979271134264,77.89979271134264
70.0,20.0,27.0,1.9538846938089391,95.38846938089391
70.0,20.0,28.0,2.144627972897365,114.46279728973651
70.0,20.0,29.0,2.3525411781882273,135.25411781882272
70.0,20.0,30.0,2.5790358761679433,157.90358761679434
70.0,21.0,24.0,1.3350622735311781,33.506227353117815
70.0,21.0,25.0,1.4681624739359798,46.816247393597976
70.0,21.0,26.0,1.6135067351190808,61.350673511908084
70.0,21.0,27.0,1.772124669207555,77.2124669207555
70.0,21.0,28.0,1.9451240644273398,94.51240644273398
70.0,21.0,29.0,2.133696154334903,113.36961543349031
70.0,21.0,30.0,2.339121194515815,133.9121194515815
70.0,21.0,31.0,2.562774361657208,156.2774361657208
70.0,22.0,25.0,1.3324680460806662,33.24680460806662
70.0,22.0,26.0,1.46437891231367,46.43789123136699
70.0,22.0,27.0,1.6083366366529974,60.83366366529974
70.0,22.0,28.0,1.7653466203666226,76.53466203666225
70.0,22.0,29.0,1.936489997646156,93.64899976461561
70.0,22.0,30.0,2.12292869688091,112.29286968809097
70.0,22.0,31.0,2.325910794510548,132.59107945105478
70.0,22.0,32.0,2.546776175488476,154.67761754884762
70.0,23.0,26.0,1.329904887838567,32.990488783856705
70.0,23.0,27.0,1.4606429636406173,46.06429636406173
70.0,23.0,28.0,1.6032347088674683,60.32347088674683
70.0,23.0,29.0,1.758661977077473,75.86619770774729
70.0,23.0,30.0,1.927979996689499,92.7979996689499
70.0,23.0,31.0,2.112322233190893,111.23222331908931
70.0,23.0,32.0,2.3129055298000956,131.29055298000955
70.0,23.0,33.0,2.5310355397950195,153.10355397950195
70.0,24.0,27.0,1.3273722914215582,32.73722914215582
70.0,24.0,28.0,1.4569538088156566,45.69538088156566
70.0,24.0,29.0,1.598199721943588,59.8199721943588
70.0,24.0,30.0,1.752068979021441,75.20689790214409
70.0,24.0,31.0,1.919591626897514,91.9591626897514
70.0,24.0,32.0,2.101873482675211,110.18734826752107
70.0,24.0,33.0,2.300101070389801,130.0101070389801
70.0,24.0,34.0,2.515546835178589,151.5546835178589
70.0,25.0,28.0,1.3248697599610209,32.48697599610209
70.0,25.0,29.0,1.4533106466171295,45.33106466171295
70.0,25.0,30.0,1.5932304741755812,59.323047417558115
70.0,25.0,31.0,1.7455659078294625,74.55659078294626
70.0,25.0,32.0,1.9113225138715988,91.13225138715988
70.0,25.0,33.0,2.091579248823661,109.1579248823661
70.0,25.0,34.0,2.287493200901778,128.74932009017778
70.0,25.0,35.0,2.5003045955336884,150.03045955336884
70.0,26.0,29.0,1.3223968068391303,32.23968068391303
70.0,26.0,30.0,1.449712693230984,44.971269323098404
70.0,26.0,31.0,1.5883257911954538,58.83257911954538
70.0,26.0,32.0,1.7391510858788963,73.91510858788963
70.0,26.0,33.0,1.9031703416840542,90.31703416840541
70.0,26.0,34.0,2.0814364166256967,108.14364166256966
70.0,26.0,35.0,2.275077816952106,127.5077816952106
70.0,26.0,36.0,2.485303503067074,148.5303503067074
70.0,27.0,30.0,1.3199529554327605,31.995295543276047
70.0,27.0,31.0,1.4461591817934625,44.615918179346245
70.0,27.0,32.0,1.5834845252225325,58.34845252225325
70.0,27.0,33.0,1.7328228751306032,73.28228751306031
70.0,27.0,34.0,1.8951328511495051,89.51328511495052
70.0,27.0,35.0,2.0714419500822947,107.14419500822947
70.0,27.0,36.0,2.262850921660582,126.28509216605819
70.0,27.0,37.0,2.4705383835038517,147.05383835038518
70.0,28.0,31.0,1.317537738864852,31.75377388648519
70.0,28.0,32.0,1.4426493619477223,44.26493619477223
70.0,28.0,33.0,1.5787055543370525,57.87055543370525
70.0,28.0,34.0,1.7265796760045897,72.65796760045897
70.0,28.0,35.0,1.8872078381555406,88.72078381555406
70.0,28.0,36.0,2.061592889805906,106.15928898059059
70.0,28.0,37.0,2.250808622287175,125.08086222871748
70.0,28.0,38.0,2.4560042014724135,145.60042014724135
70.0,29.0,32.0,1.3151506997630433,31.515069976304332
70.0,29.0,33.0,1.4391824994141678,43.918249941416775
70.0,29.0,34.0,1.5739877817769894,57.39877817769894
70.0,29.0,35.0,1.720419926292872,72.04199262928721
70.0,29.0,36.0,1.8793931520506242,87.93931520506241
70.0,29.0,37.0,2.051886350704903,105.1886350704903
70.0,29.0,38.0,2.238947126990422,123.89471269904222
70.0,29.0,39.0,2.4416960560607865,144.16960560607865
70.0,30.0,33.0,1.31279139002532,31.27913900253201
70.0,30.0,34.0,1.4357578755738047,43.57578755738047
70.0,30.0,35.0,1.5693301352570936,56.93301352570936
70.0,30.0,36.0,1.714342100108168,71.4342100108168
70.0,30.0,37.0,1.871686694086654,87.1686694086654
70.0,30.0,38.0,2.0423195197491695,104.23195197491695
70.0,30.0,39.0,2.2272627417024484,122.72627417024484
70.0,30.0,40.0,2.4276091765369663,142.76091765369662
70.0,31.0,34.0,1.3104593705924168,31.04593705924168
70.0,31.0,35.0,1.4323747870641628,43.237478706416276
70.0,31.0,36.0,1.5647315663095223,56.473156630952225
70.0,31.0,37.0,1.708344706866916,70.8344706866916
70.0,31.0,38.0,1.8640864159143005,86.40864159143004
70.0,31.0,39.0,2.032889653813565,103.2889653813565
70.0,31.0,40.0,2.2157518671158942,121.57518671158942
70.0,32.0,35.0,1.3081542112267803,30.815421122678032
70.0,32.0,36.0,1.429032545387569,42.9032545387569
70.0,32.0,37.0,1.5601910496451858,56.01910496451858
70.0,32.0,38.0,1.702426290305608,70.2426290305608
70.0,32.0,39.0,1.8565903181291075,85.65903181291074
70.0,32.0,40.0,2.0235940775962704,102.35940775962705
70.0,33.0,36.0,1.3058754902978935,30.58754902978935
70.0,33.0,37.0,1.425730476531046,42.57304765310459
70.0,33.0,38.0,1.5557075825350888,55.57075825350888
70.0,33.0,39.0,1.6965854275289625,69.65854275289625
70.0,33.0,40.0,1.8491964488662165,84.91964488662165
70.0,34.0,37.0,1.3036227945736525,30.362279457365247
70.0,34.0,38.0,1.4224679205976503,42.24679205976503
70.0,34.0,39.0,1.5512801842109463,55.12801842109462
70.0,34.0,40.0,1.6908207280888259,69.08207280888259
70.0,35.0,38.0,1.3013957190177763,30.13957190177763
70.0,35.0,39.0,1.419244231448834,41.924423144883406
70.0,35.0,40.0,1.5469078952844209,54.69078952844208
70.0,36.0,39.0,1.2991938665928564,29.919386659285642
70.0,36.0,40.0,1.416058776357294,41.60587763572941
70.0,37.0,40.0,1.2970168480690043,29.70168480690043
80.0,15.0,18.0,1.4106986098967382,41.06986098967382
80.0,15.0,19.0,1.579660117425124,57.96601174251239
80.0,15.0,20.0,1.7674937454376887,76.74937454376887
80.0,15.0,21.0,1.9761520335556828,97.61520335556828
80.0,15.0,22.0,2.2077730590437956,120.77730590437956
80.0,15.0,23.0,2.4646964511835217,146.46964511835216
80.0,15.0,24.0,2.749480642427149,174.9480642427149
80.0,15.0,25.0,3.064921439952968,206.49214399529677
80.0,16.0,19.0,1.4073681028364975,40.736810283649746
80.0,16.0,20.0,1.5747148971176854,57.47148971176854
80.0,16.0,21.0,1.7606150257911894,76.06150257911895
80.0,16.0,22.0,1.9669733680842116,96.69733680842117
80.0,16.0,23.0,2.1958743721555147,119.58743721555147
80.0,16.0,24.0,2.449597424682583,144.9597424682583
80.0,16.0,25.0,2.7306333968351097,173.06333968351097
80.0,16.0,26.0,3.0417024453946504,204.17024453946505
80.0,17.0,20.0,1.4040795391473342,40.40795391473342
80.0,17.0,21.0,1.5698356182147797,56.98356182147797
80.0,17.0,22.0,1.753833068595374,75.3833068595374
80.0,17.0,23.0,1.957930468635896,95.79304686358961
80.0,17.0,24.0,2.184160211756588,118.41602117565881
80.0,17.0,25.0,2.434743259510821,143.4743259510821
80.0,17.0,26.0,2.712105013783879,171.2105013783879
80.0,17.0,27.0,3.0188923823269813,201.88923823269812
80.0,18.0,21.0,1.400832197389303,40.083219738930296
80.0,18.0,22.0,1.5650210778937412,56.50210778937412
80.0,18.0,23.0,1.7471460125447598,74.71460125447598
80.0,18.0,24.0,1.9490205938661895,94.90205938661896
80.0,18.0,25.0,2.172626681880205,117.26266818802048
80.0,18.0,26.0,2.42012856755657,142.01285675565697
80.0,18.0,27.0,2.693888201126508,169.38882011265082
80.0,18.0,28.0,2.996481555171291,199.64815551712908
80.0,19.0,22.0,1.3976253718695562,39.76253718695561
80.0,19.0,23.0,1.560270101141139,56.02701011411391
80.0,19.0,24.0,1.7405520416055416,74.05520416055415
80.0,19.0,25.0,1.9402410722053605,94.02410722053605
80.0,19.0,26.0,2.1612699898940537,116.12699898940537
80.0,19.0,27.0,2.405748109119127,140.57481091191272
80.0,19.0,28.0,2.6759758747037705,167.59758747037705
80.0,19.0,29.0,2.974460554010523,197.4460554010523
80.0,20.0,23.0,1.3944583722264787,39.445837222647874
80.0,20.0,24.0,1.5555815399767021,55.55815399767021
80.0,20.0,25.0,1.7340493836904607,73.40493836904606
80.0,20.0,26.0,1.9315892997279054,93.15892997279053
80.0,20.0,27.0,2.1500864432226443,115.00864432226443
80.0,20.0,28.0,2.3915967880353555,139.15967880353554
80.0,20.0,29.0,2.658361151292859,165.8361151292859
80.0,20.0,30.0,2.952820244613917,195.2820244613917
80.0,21.0,24.0,1.3913305230266209,39.13305230266209
80.0,21.0,25.0,1.550954272702524,55.09542727025241
80.0,21.0,26.0,1.7276363093787428,72.76363093787428
80.0,21.0,27.0,1.923062738097427,92.3062738097427
80.0,21.0,28.0,2.13907244619003,113.907244619003
80.0,21.0,29.0,2.3776696469908853,137.76696469908853
80.0,21.0,30.0,2.6410373418315354,164.10373418315353
80.0,21.0,31.0,2.9315517588620654,193.15517588620654
80.0,22.0,25.0,1.3882411633741063,38.82411633741063
80.0,22.0,26.0,1.5463872031766253,54.638720317662525
80.0,22.0,27.0,1.721311130679489,72.1311130679489
80.0,22.0,28.0,1.9146589125841411,91.46589125841412
80.0,22.0,29.0,2.1282244969778183,112.82244969778183
80.0,22.0,30.0,2.3639618630083814,136.39618630083814
80.0,22.0,31.0,2.623997944905663,162.3997944905663
80.0,22.0,32.0,2.910646485554219,191.06464855542188
80.0,23.0,26.0,1.3851896465319433,38.51896465319433
80.0,23.0,27.0,1.5418792601099185,54.18792601099185
80.0,23.0,28.0,1.7150721998368323,71.50721998368323
80.0,23.0,29.0,1.9063754101517958,90.63754101517958
80.0,23.0,30.0,2.117539184693811,111.75391846938112
80.0,23.0,31.0,2.350468743105131,135.0468743105131
80.0,23.0,32.0,2.6072366404882805,160.72366404882806
80.0,23.0,33.0,2.890096061580821,189.0096061580821
80.0,24.0,27.0,1.3821753395549077,38.217533955490765
80.0,24.0,28.0,1.537429396385852,53.742939638585206
80.0,24.0,29.0,1.7089179081751467,70.89179081751466
80.0,24.0,30.0,1.8982098776115208,89.82098776115208
80.0,24.0,31.0,2.107013186546742,110.70131865467418
80.0,24.0,32.0,2.3371857201127315,133.71857201127315
80.0,24.0,33.0,2.590747283919625,159.0747283919625
80.0,24.0,34.0,2.8698923634448814,186.98923634448815
80.0,25.0,28.0,1.379197622933599,37.919762293359895
80.0,25.0,29.0,1.5330365884016794,53.30365884016794
80.0,25.0,30.0,1.7028466849828856,70.28466849828857
80.0,25.0,31.0,1.8901600198398258,89.01600198398259
80.0,25.0,32.0,2.096643265122554,109.6643265122554
80.0,25.0,33.0,2.324108348652169,132.4108348652169
80.0,25.0,34.0,2.5745239001174154,157.45239001174153
80.0,25.0,35.0,2.850027499116478,185.00274991164778
80.0,26.0,29.0,1.376255890249201,37.6255890249201
80.0,26.0,30.0,1.5286998354307866,52.86998354307866
80.0,26.0,31.0,1.6968569964336129,69.68569964336129
80.0,26.0,32.0,1.882223598058171,88.22235980581709
80.0,26.0,33.0,2.0864262657583854,108.64262657583853
80.0,26.0,34.0,2.3112323012577467,131.12323012577468
80.0,26.0,35.0,2.5585606780074652,155.85606780074653
80.0,26.0,36.0,2.8304938002060682,183.04938002060683
80.0,27.0,30.0,1.3733495478386906,37.33495478386906
80.0,27.0,31.0,1.524418159005245,52.4418159005245
80.0,27.0,32.0,1.6909473445426682,69.09473445426681
80.0,27.0,33.0,1.8743984281718593,87.43984281718593
80.0,27.0,34.0,2.076359114010132,107.6359114010132
80.0,27.0,35.0,2.298553364643505,129.85533646435047
80.0,27.0,36.0,2.5428519651654145,154.28519651654145
80.0,27.0,37.0,2.8112838144421315,181.12838144421315
80.0,28.0,31.0,1.3704780144700315,37.047801447003145
80.0,28.0,32.0,1.5201906023176903,52.01906023176903
80.0,28.0,33.0,1.6851162661582275,68.51162661582275
80.0,28.0,34.0,1.866682379165734,86.6682379165734
80.0,28.0,35.0,2.0664388132096514,106.64388132096514
80.0,28.0,36.0,2.286067436106371,128.6067436106371
80.0,28.0,37.0,2.527392262660086,152.7392262660086
80.0,28.0,38.0,2.7923902984400097,179.23902984400098
80.0,29.0,32.0,1.3676407210270711,36.76407210270711
80.0,29.0,33.0,1.5160162296421438,51.60162296421438
80.0,29.0,34.0,1.6793623319855495,67.93623319855496
80.0,29.0,35.0,1.8590733715546042,85.90733715546041
80.0,29.0,36.0,2.056662442108456,105.66624421084558
80.0,29.0,37.0,2.2737705200603036,127.37705200603035
80.0,29.0,38.0,2.512176220090459,151.2176220090459
80.0,29.0,39.0,2.773806210749376,177.3806210749376
80.0,30.0,33.0,1.3648371102038042,36.48371102038042
80.0,30.0,34.0,1.5118941257728618,51.18941257728618
80.0,30.0,35.0,1.673684145642931,67.3684145642931
80.0,30.0,36.0,1.8515693758862983,85.15693758862983
80.0,30.0,37.0,2.0470271526039316,104.70271526039316
80.0,30.0,38.0,2.2616587246960584,126.16587246960584
80.0,30.0,39.0,2.4971986308076537,149.71986308076538
80.0,30.0,40.0,2.755524705167921,175.55247051679208
80.0,31.0,34.0,1.3620666362076495,36.20666362076494
80.0,31.0,35.0,1.5078233954805544,50.78233954805545
80.0,31.0,36.0,1.6680803427484396,66.80803427484396
80.0,31.0,37.0,1.8441684112951182,84.41684112951182
80.0,31.0,38.0,2.0375301675451074,103.75301675451074
80.0,31.0,39.0,2.2497282587613734,124.97282587613734
80.0,31.0,40.0,2.4824544273141815,148.24544273141817
80.0,32.0,35.0,1.3593287644714738,35.93287644714738
80.0,32.0,36.0,1.503803162985629,50.3803162985629
80.0,32.0,37.0,1.6625495900361513,66.25495900361513
80.0,32.0,38.0,1.8368685441040862,83.68685441040861
80.0,32.0,39.0,2.0281687786148273,102.81687786148272
80.0,32.0,40.0,2.237975428456764,123.79754284567639
80.0,33.0,36.0,1.3566229713740807,35.662297137408075
80.0,33.0,37.0,1.4998325714474892,49.98325714474892
80.0,33.0,38.0,1.6570905845008395,65.70905845008394
80.0,33.0,39.0,1.8296678864738372,82.96678864738371
80.0,33.0,40.0,2.018940344285079,101.89403442850788
80.0,34.0,37.0,1.3539487439687725,35.39487439687725
80.0,34.0,38.0,1.49591078246959,49.59107824695901
80.0,34.0,39.0,1.651702052570061,65.1702052570061
80.0,34.0,40.0,1.8225645950964524,82.25645950964524
80.0,35.0,38.0,1.3513055797199192,35.13055797199192
80.0,35.0,39.0,1.49203697561966,49.20369756196601
80.0,35.0,40.0,1.6463827493026828,64.63827493026828
80.0,36.0,39.0,1.3486929862470367,34.869298624703674
80.0,36.0,40.0,1.4882103479643707,48.82103479643707
80.0,37.0,40.0,1.346110481076297,34.61104810762969
90.0,15.0,18.0,1.4726973935596708,47.269739355967076
90.0,15.0,19.0,1.6725692577644946,67.25692577644946
90.0,15.0,20.0,1.8979187720113144,89.79187720113144
90.0,15.0,21.0,2.151780154685384,115.1780154685384
90.0,15.0,22.0,2.4375230606878384,143.75230606878384
90.0,15.0,23.0,2.7588867265799024,175.88867265799024
90.0,15.0,24.0,3.1200172826327277,212.00172826327278
90.0,15.0,25.0,3.5255084956239973,252.55084956239972
90.0,16.0,19.0,1.4687864816912348,46.87864816912348
90.0,16.0,20.0,1.6666798237127227,66.66798237127227
90.0,16.0,21.0,1.8896112003144203,88.96112003144204
90.0,16.0,22.0,2.1405397138137814,114.05397138137813
90.0,16.0,23.0,2.422749019035547,142.2749019035547
90.0,16.0,24.0,2.739880089329746,173.98800893297462
90.0,16.0,25.0,3.0959669953405577,209.59669953405577
90.0,16.0,26.0,3.4954759452085247,249.54759452085247
90.0,17.0,20.0,1.4649259575788245,46.49259575788245
90.0,17.0,21.0,1.6608711869481447,66.08711869481448
90.0,17.0,22.0,1.8814244616035185,88.14244616035185
90.0,17.0,23.0,2.129471945474007,112.94719454740073
90.0,17.0,24.0,2.408213867119063,140.8213867119063
90.0,17.0,25.0,2.721195967428619,172.1195967428619
90.0,17.0,26.0,3.0723438139555705,207.23438139555705
90.0,17.0,27.0,3.4660002163238897,246.60002163238897
90.0,18.0,21.0,1.4611149337911815,46.11149337911815
90.0,18.0,22.0,1.6551418311375417,65.51418311375417
90.0,18.0,23.0,1.8733561549337516,87.33561549337516
90.0,18.0,24.0,2.1185732359390577,111.85732359390576
90.0,18.0,25.0,2.393912361793795,139.39123617937952
90.0,18.0,26.0,2.7028269642994265,170.28269642994266
90.0,18.0,27.0,3.049137534801737,204.9137534801737
90.0,18.0,28.0,3.4370674887415373,243.70674887415373
90.0,19.0,22.0,1.4573525427256493,45.73525427256493
90.0,19.0,23.0,1.6494902759765817,64.94902759765817
90.0,19.0,24.0,1.8654039395671114,86.54039395671114
90.0,19.0,25.0,2.107840066566861,110.78400665668609
90.0,19.0,26.0,2.37983940401171,137.983940401171
90.0,19.0,27.0,2.6847658949018873,168.47658949018873
90.0,19.0,28.0,3.0263382569423403,202.63382569423402
90.0,19.0,29.0,3.408664366515816,240.86643665158158
90.0,20.0,23.0,1.4536379360725642,45.36379360725642
90.0,20.0,24.0,1.6439150761580263,64.39150761580264
90.0,20.0,25.0,1.8575655331591716,85.75655331591716
90.0,20.0,26.0,2.0972690108061345,109.72690108061344
90.0,20.0,27.0,2.3659900340986293,136.59900340986292
90.0,20.0,28.0,2.667005778542439,166.7005778542439
90.0,20.0,29.0,3.003936371539114,200.3936371539114
90.0,20.0,30.0,3.3807778626007816,238.07778626007817
90.0,21.0,24.0,1.4499702842964977,44.99702842964977
90.0,21.0,25.0,1.6384148203743747,63.84148203743747
90.0,21.0,26.0,1.8498387100091793,84.98387100091793
90.0,21.0,27.0,2.0868567313113995,108.68567313113995
90.0,21.0,28.0,2.3523594272103674,135.23594272103674
90.0,21.0,29.0,2.6495398319654204,164.95398319654205
90.0,21.0,30.0,2.9819225516411882,198.19225516411882
90.0,21.0,31.0,3.353395384106308,235.3395384106308
90.0,22.0,25.0,1.4463487761338936,44.63487761338936
90.0,22.0,26.0,1.6329881303536595,63.29881303536595
90.0,22.0,27.0,1.8422212993711444,84.22212993711445
90.0,22.0,28.0,2.0765999771628745,107.65999771628745
90.0,22.0,29.0,2.33894288895992,133.89428889599202
90.0,22.0,30.0,2.6323614627135763,163.23614627135763
90.0,22.0,31.0,2.9602877423844043,196.02877423844043
90.0,22.0,32.0,3.3265047181636254,232.65047181636254
90.0,23.0,26.0,1.442772618106357,44.27726181063569
90.0,23.0,27.0,1.6276336599270764,62.76336599270764
90.0,23.0,28.0,1.8347111838234968,83.47111838234969
90.0,23.0,29.0,2.066495581186566,106.64955811865661
90.0,23.0,30.0,2.3257358512085613,132.57358512085614
90.0,23.0,31.0,2.6154642627458164,161.54642627458165
90.0,23.0,32.0,2.939023151582045,193.9023151582045
90.0,23.0,33.0,3.3000940183721905,230.00940183721906
90.0,24.0,27.0,1.4392410340491284,43.92410340491284
90.0,24.0,28.0,1.6223500941274078,62.23500941274078
90.0,24.0,29.0,1.8273062976948766,82.73062976948766
90.0,24.0,30.0,2.0565404573708004,105.65404573708004
90.0,24.0,31.0,2.3127338680139378,131.27338680139377
90.0,24.0,32.0,2.5988420023009273,159.88420023009274
90.0,24.0,33.0,2.9181202406898703,191.81202406898703
90.0,24.0,34.0,3.2741517918009744,227.41517918009743
90.0,25.0,28.0,1.4357532646542208,43.57532646542208
90.0,25.0,29.0,1.617136148316826,61.713614831682605
90.0,25.0,30.0,1.8200046255439908,82.00046255439908
90.0,25.0,31.0,2.046731598375107,104.67315983751071
90.0,25.0,32.0,2.299932611728279,129.99326117282789
90.0,25.0,33.0,2.582488623996722,158.2488623996722
90.0,25.0,34.0,2.897570716128391,189.75707161283907
90.0,25.0,35.0,3.248666886518422,224.8666886518422
90.0,26.0,29.0,1.432308567027594,43.23085670275939
90.0,26.0,30.0,1.6119905673432424,61.199056734324245
90.0,26.0,31.0,1.812804200691458,81.2804200691458
90.0,26.0,32.0,2.0370660731276704,103.70660731276703
90.0,26.0,33.0,2.287327869240805,128.7327869240805
90.0,26.0,34.0,2.56639823715441,156.639823715441
90.0,26.0,35.0,2.8773665209464925,187.73665209464926
90.0,26.0,36.0,3.2236284796274925,222.36284796274924
90.0,27.0,30.0,1.4289062142600089,42.890621426000884
90.0,27.0,31.0,1.60691212472406,60.69121247240601
90.0,27.0,32.0,1.8057031038014555,80.57031038014554
90.0,27.0,33.0,2.0275410245079635,102.75410245079635
90.0,27.0,34.0,2.274915538358123,127.4915538358123
90.0,27.0,35.0,2.5505651123383295,155.05651123383296
90.0,27.0,36.0,2.8574998268116127,185.74998268116127
90.0,27.0,37.0,3.199026065782224,219.9026065782224
90.0,28.0,31.0,1.425545495010963,42.5545495010963
90.0,28.0,32.0,1.601899621856115,60.1899621856115
90.0,28.0,33.0,1.7986994615113585,79.86994615113585
90.0,28.0,34.0,2.0181536671109197,101.81536671109197
90.0,28.0,35.0,2.262691624316671,126.2691624316671
90.0,28.0,36.0,2.5349836761020175,153.49836761020174
90.0,28.0,37.0,2.837963026311474,183.7963026311474
90.0,28.0,38.0,3.1748494461643006,217.48494461643006
90.0,29.0,32.0,1.4222257131053142,42.22257131053142
90.0,29.0,33.0,1.5969518872512187,59.695188725121874
90.0,29.0,34.0,1.7917914451076289,79.17914451076288
90.0,29.0,35.0,2.0089012850895407,100.89012850895406
90.0,29.0,36.0,2.250652236422313,125.06522364223129
90.0,29.0,37.0,2.5196485059317224,151.96485059317223
90.0,29.0,38.0,2.818748725554422,181.8748725554422
90.0,29.0,39.0,3.151088717899076,215.1088717899076
90.0,30.0,33.0,1.41894618714215,41.89461871421501
90.0,30.0,34.0,1.5920677757960757,59.206777579607575
90.0,30.0,35.0,1.7849772692459014,78.49772692459014
90.0,30.0,36.0,1.9997812300728453,99.97812300728452
90.0,30.0,37.0,2.238793584811241,123.8793584811241
90.0,30.0,38.0,2.504554325379028,150.4554325379028
90.0,30.0,39.0,2.7998497370548305,179.98497370548304
90.0,30.0,40.0,3.1277342638909476,212.77342638909477
90.0,31.0,34.0,1.4157062501154336,41.57062501154336
90.0,31.0,35.0,1.5872461680356755,58.72461680356756
90.0,31.0,36.0,1.7782551907138697,77.82551907138698
90.0,31.0,37.0,1.9907909191559328,99.07909191559328
90.0,31.0,38.0,2.227111977327588,122.7111977327588
90.0,31.0,39.0,2.4896959993745185,148.96959993745185
90.0,31.0,40.0,2.7812590728912383,178.12590728912383
90.0,32.0,35.0,1.4125052490460661,41.250524904606614
90.0,32.0,36.0,1.5824859694796243,58.248596947962426
90.0,32.0,37.0,1.771623507235202,77.1623507235202
90.0,32.0,38.0,1.98192783295973,98.192783295973
90.0,32.0,39.0,2.2156038165130134,121.56038165130134
90.0,32.0,40.0,2.4750685297150268,147.50685297150267
90.0,33.0,36.0,1.40934254462499,40.93425446249901
90.0,33.0,37.0,1.5777861099301567,57.77861099301567
90.0,33.0,38.0,1.765080556312966,76.50805563129659
90.0,33.0,39.0,1.9731895137573259,97.31895137573258
90.0,33.0,40.0,2.2042655967034297,120.42655967034297
90.0,34.0,37.0,1.4062175108668258,40.62175108668258
90.0,34.0,38.0,1.5731455428313565,57.31455428313566
90.0,34.0,39.0,1.7586247141110762,75.86247141110762
90.0,34.0,40.0,1.9645735636643975,96.45735636643975
90.0,35.0,38.0,1.4031295347739223,40.312953477392234
90.0,35.0,39.0,1.5685632446387856,56.85632446387856
90.0,35.0,40.0,1.7522543943723832,75.22543943723832
90.0,36.0,39.0,1.400078016010202,40.0078016010202
90.0,36.0,40.0,1.5640382142085687,56.40382142085687
90.0,37.0,40.0,1.3970623665846602,39.70623665846602
100.0,15.0,18.0,1.5374209613463818,53.74209613463818
100.0,15.0,19.0,1.7709429333310198,77.09429333310199
100.0,15.0,20.0,2.037967984017358,103.79679840173578
100.0,15.0,21.0,2.3430170125963583,134.30170125963582
100.0,15.0,22.0,2.691181798349476,169.11817983494763
100.0,15.0,23.0,3.0881920434639434,208.81920434639434
100.0,15.0,24.0,3.5404896814743942,254.04896814743944
100.0,15.0,25.0,4.055311170686224,305.5311170686224
100.0,16.0,19.0,1.532885195032409,53.28851950324089
100.0,16.0,20.0,1.7640155940961246,76.40155940961246
100.0,16.0,21.0,2.028058624996186,102.8058624996186
100.0,16.0,22.0,2.32942160822272,132.942160822272
100.0,16.0,23.0,2.6730640348408805,167.30640348408804
100.0,16.0,24.0,3.0645618860733093,206.45618860733092
100.0,16.0,25.0,3.510178864488865,251.01788644888651
100.0,16.0,26.0,4.016945215016302,301.6945215016302
100.0,17.0,20.0,1.5284091829238233,52.840918292382334
100.0,17.0,21.0,1.7571859547762734,75.71859547762733
100.0,17.0,22.0,2.018298131164241,101.82981311642409
100.0,17.0,23.0,2.3160428009071103,131.60428009071103
100.0,17.0,24.0,2.6552512029877,165.52512029877
100.0,17.0,25.0,3.041350443922182,204.13504439221822
100.0,17.0,26.0,3.480431791238617,248.0431791238617
100.0,17.0,27.0,3.9793261826370343,297.93261826370343
100.0,18.0,21.0,1.5239918483643435,52.39918483643435
100.0,18.0,22.0,1.7504521312059513,75.04521312059514
100.0,18.0,23.0,2.0086834517720433,100.86834517720433
100.0,18.0,24.0,2.302875900933368,130.2875900933368
100.0,18.0,25.0,2.637736360206006,163.77363602060063
100.0,18.0,26.0,3.018547732081715,201.8547732081715
100.0,18.0,27.0,3.451234428455112,245.12344284551122
100.0,18.0,28.0,3.9424347204061974,294.24347204061974
100.0,19.0,22.0,1.5196321392962964,51.96321392962964
100.0,19.0,23.0,1.7438122851622724,74.38122851622724
100.0,19.0,24.0,1.9992116148062324,99.92116148062324
100.0,19.0,25.0,2.2899163458974185,128.99163458974186
100.0,19.0,26.0,2.6205127611865113,162.05127611865115
100.0,19.0,27.0,2.9961440614277577,199.61440614277578
100.0,19.0,28.0,3.4225731748970536,242.25731748970537
100.0,19.0,29.0,3.9062520926319064,290.62520926319064
100.0,20.0,23.0,1.515329027581839,51.532902758183894
100.0,20.0,24.0,1.737264623016884,73.7264623016884
100.0,20.0,25.0,1.989879724553948,98.9879724553948
100.0,20.0,26.0,2.2771596965811236,127.71596965811236
100.0,20.0,27.0,2.6035738512278788,160.3573851227879
100.0,20.0,28.0,2.9741300282569236,197.41300282569236
100.0,20.0,29.0,3.394434845644299,239.4434845644299
100.0,20.0,30.0,3.870760157886259,287.0760157886259
100.0,21.0,24.0,1.5110815083459788,51.10815083459788
100.0,21.0,25.0,1.730807394433909,73.08073944339091
100.0,21.0,26.0,1.9806849592544966,98.06849592544967
100.0,21.0,27.0,2.2646016329806633,126.46016329806633
100.0,21.0,28.0,2.586913259829768,158.6913259829768
100.0,21.0,29.0,2.9524965043212577,195.24965043212578
100.0,21.0,30.0,3.3668066570463058,236.68066570463057
100.0,21.0,31.0,3.8359413468144052,283.59413468144055
100.0,22.0,25.0,1.5068885993407728,50.68885993407728
100.0,22.0,26.0,1.724438891112164,72.4438891112164
100.0,22.0,27.0,1.9716245688349268,97.16245688349268
100.0,22.0,28.0,2.252237950483175,125.22379504831748
100.0,22.0,29.0,2.57052479453402,157.05247945340201
100.0,22.0,30.0,2.931234627263101,193.1234627263101
100.0,22.0,31.0,3.339676212294597,233.9676212294597
100.0,22.0,32.0,3.8017786408911287,280.17786408911286
100.0,23.0,26.0,1.5027493403297458,50.274934032974585
100.0,23.0,27.0,1.7181574455698643,71.81574455698643
100.0,23.0,28.0,1.962695872726096,96.26958727260958
100.0,23.0,29.0,2.24006455618496,124.00645561849602
100.0,23.0,30.0,2.5544024350033174,155.44024350033175
100.0,23.0,31.0,2.910335791431773,191.0335791431773
100.0,23.0,32.0,3.3130314875896976,231.30314875896977
100.0,23.0,33.0,3.768255552079807,276.8255552079807
100.0,24.0,27.0,1.4986627924919045,49.86627924919045
100.0,24.0,28.0,1.7119614299703716,71.19614299703716
100.0,24.0,29.0,1.9538962577558396,95.38962577558397
100.0,24.0,30.0,2.2280774653457267,122.80774653457267
100.0,24.0,31.0,2.5385403273270186,153.85403273270185
100.0,24.0,32.0,2.8897916390648324,188.97916390648325
100.0,24.0,33.0,3.2868608188756427,228.68608188756428
100.0,24.0,34.0,3.7353561033507434,273.53561033507435
100.0,25.0,28.0,1.494628037844652,49.462803784465194
100.0,25.0,29.0,1.7058492549871056,70.58492549871056
100.0,25.0,30.0,1.9452231761163,94.52231761162999
100.0,25.0,31.0,2.2162727979730046,121.62727979730046
100.0,25.0,32.0,2.5229327785440243,152.29327785440242
100.0,25.0,33.0,2.8695940518178547,186.95940518178546
100.0,25.0,34.0,3.2611528891154915,226.11528891154916
100.0,25.0,35.0,3.7030648100178105,270.30648100178104
100.0,26.0,29.0,1.4906441786848008,49.06441786848008
100.0,26.0,30.0,1.6998193687064331,69.98193687064331
100.0,26.0,31.0,1.9366741434024937,93.66741434024937
100.0,26.0,32.0,2.204646775531257,120.46467755312568
100.0,26.0,33.0,2.507574251373782,150.75742513737822
100.0,26.0,34.0,2.8497351426271678,184.97351426271678
100.0,26.0,35.0,3.2358967160831047,223.58967160831048
100.0,26.0,36.0,3.671366661855576,267.1366661855576
100.0,27.0,30.0,1.4867103370471932,48.67103370471932
100.0,27.0,31.0,1.6938702555670018,69.38702555670018
100.0,27.0,32.0,1.9282467367190894,92.82467367190894
100.0,27.0,33.0,2.193195717770779,119.3195717770779
100.0,27.0,34.0,2.4924593591462783,149.24593591462784
100.0,27.0,35.0,2.8302072478906277,183.02072478906277
100.0,27.0,36.0,3.211081640648018,221.10816406480177
100.0,27.0,37.0,3.6402471059596215,264.0247105959622
100.0,28.0,31.0,1.4828256541801599,48.28256541801599
100.0,28.0,32.0,1.6880004353338995,68.80004353338995
100.0,28.0,33.0,1.919938592852835,91.99385928528349
100.0,28.0,34.0,2.1819160396711683,118.19160396711683
100.0,28.0,35.0,2.4775828609222823,147.75828609222822
100.0,28.0,36.0,2.8110029199526587,181.10029199526588
100.0,28.0,37.0,3.1866973155303127,218.66973155303126
100.0,28.0,38.0,3.609692030315695,260.9692030315695
100.0,29.0,32.0,1.4789892900372927,47.89892900372927
100.0,29.0,33.0,1.6822084621067794,68.22084621067795
100.0,29.0,34.0,1.9117474065081692,91.17474065081691
100.0,29.0,35.0,2.1708042484948655,117.08042484948655
100.0,29.0,36.0,2.4629396567964545,146.29396567964545
100.0,29.0,37.0,2.7921149198801234,179.21149198801234
100.0,29.0,38.0,3.1627336945051487,216.27336945051488
100.0,29.0,39.0,3.579687748045062,257.9687748045062
100.0,30.0,33.0,1.475200422784953,47.52004227849529
100.0,30.0,34.0,1.6764929233603352,67.64929233603351
100.0,30.0,35.0,1.9036709286032139,90.36709286032138
100.0,30.0,36.0,2.159856940946317,115.98569409463168
100.0,30.0,37.0,2.448524783374845,144.85247833748448
100.0,30.0,38.0,2.7735362105163723,177.35362105163722
100.0,30.0,39.0,3.139181022036133,213.9181022036133
100.0,30.0,40.0,3.550220982294292,255.02209822942922
100.0,31.0,34.0,1.4714582483249043,47.14582483249043
100.0,31.0,35.0,1.6708524390159099,67.08524390159099
100.0,31.0,36.0,1.895706964624129,89.5706964624129
100.0,31.0,37.0,2.1490708004321704,114.90708004321704
100.0,31.0,38.0,2.4343334094199087,143.43334094199088
100.0,31.0,39.0,2.7552599498013235,175.52599498013234
100.0,31.0,40.0,3.116029823318416,211.6029823318416
100.0,32.0,35.0,1.4677619798315973,46.776197983159726
100.0,32.0,36.0,1.665285660543459,66.5285660543459
100.0,32.0,37.0,1.8878533730353924,88.78533730353924
100.0,32.0,38.0,2.138442594418923,113.84425944189229
100.0,32.0,39.0,2.420360831656056,142.03608316560562
100.0,32.0,40.0,2.737279484346248,173.7279484346248
100.0,33.0,36.0,1.464110847303607,46.411084730360706
100.0,33.0,37.0,1.6597912700922388,65.97912700922389
100.0,33.0,38.0,1.880108063743881,88.0108063743881
100.0,33.0,39.0,2.127969171883668,112.79691718836679
100.0,33.0,40.0,2.4066024707287013,140.66024707287013
100.0,34.0,37.0,1.4605040971285828,46.050409712858276
100.0,34.0,38.0,1.6543679796495303,65.43679796495303
100.0,34.0,39.0,1.8724689966146766,87.24689966146767
100.0,34.0,40.0,2.117647460854345,111.76474608543452
100.0,35.0,38.0,1.4569409916615195,45.69409916615194
100.0,35.0,39.0,1.6490145302263208,64.90145302263208
100.0,35.0,40.0,1.8649341800366759,86.49341800366759
100.0,36.0,39.0,1.4534208088155767,45.34208088155766
100.0,36.0,40.0,1.6437296910687071,64.37296910687071
100.0,37.0,40.0,1.4499428416652413,44.99428416652413
110.0,15.0,18.0,1.604989064775894,60.4989064775894
110.0,15.0,19.0,1.875102545712743,87.5102545712743
110.0,15.0,20.0,2.188351559154616,118.83515591546158
110.0,15.0,21.0,2.551249814885772,155.12498148857722
110.0,15.0,22.0,2.9712373140477246,197.12373140477246
110.0,15.0,23.0,3.456803791700652,245.6803791700652
110.0,15.0,24.0,4.01762748379693,301.762748379693
110.0,15.0,25.0,4.6647309775328445,366.47309775328443
110.0,16.0,19.0,1.5997812142469754,59.97812142469754
110.0,16.0,20.0,1.867035870922417,86.7035870922417
110.0,16.0,21.0,2.176649770988359,117.66497709883592
110.0,16.0,22.0,2.5349705001207856,153.49705001207857
110.0,16.0,23.0,2.9492412454692536,194.92412454692536
110.0,16.0,24.0,3.4277191874738717,242.77191874738716
110.0,16.0,25.0,3.979808466707827,297.9808466707827
110.0,16.0,26.0,4.616209384178662,361.62093841786617
110.0,17.0,20.0,1.5946434823960534,59.464348239605336
110.0,17.0,21.0,1.859086065149137,85.9086065149137
110.0,17.0,22.0,2.165129363093984,116.51293630939841
110.0,17.0,23.0,2.5189598139738107,151.89598139738106
110.0,17.0,24.0,2.9276299116248947,192.76299116248947
110.0,17.0,25.0,3.3991717735368474,239.91717735368474
110.0,17.0,26.0,3.942724573480832,294.2724573480832
110.0,17.0,27.0,4.568677403204434,356.86774032044343
110.0,18.0,21.0,1.589574577719634,58.9574577719634
110.0,18.0,22.0,1.8512508148848983,85.12508148848983
110.0,18.0,23.0,2.1537865070646625,115.37865070646625
110.0,18.0,24.0,2.503211748896192,150.32117488961921
110.0,18.0,25.0,2.906394242744691,190.63942427446912
110.0,18.0,26.0,3.3711482574384495,237.11482574384496
110.0,18.0,27.0,3.9063567793206713,290.63567793206715
110.0,18.0,28.0,4.522108330888551,352.21083308885505
110.0,19.0,22.0,1.5845732388562948,58.45732388562948
110.0,19.0,23.0,1.8435278644383102,84.35278644383102
110.0,19.0,24.0,2.1426174760323806,114.26174760323806
110.0,19.0,25.0,2.487720465314466,148.7720465314466
110.0,19.0,26.0,2.8855254350211466,188.55254350211464
110.0,19.0,27.0,3.3436357538193753,234.36357538193752
110.0,19.0,28.0,3.8706866658587407,287.06866658587404
110.0,19.0,29.0,4.47647634688892,347.647634688892
110.0,20.0,23.0,1.5796382337379344,57.963823373793446
110.0,20.0,24.0,1.835915014198625,83.5915014198625
110.0,20.0,25.0,2.131618641446661,113.16186414466611
110.0,20.0,26.0,2.4724802860364985,147.24802860364986
110.0,20.0,27.0,2.8650149413583694,186.50149413583694
110.0,20.0,28.0,3.3166217696812454,231.66217696812456
110.0,20.0,29.0,3.835696398396303,283.5696398396303
110.0,20.0,30.0,4.431756479958025,343.17564799580254
110.0,21.0,24.0,1.5747683587688224,57.476835876882234
110.0,21.0,25.0,1.828410118960342,82.84101189603419
110.0,21.0,26.0,2.120786469971493,112.0786469971493
110.0,21.0,27.0,2.457485690872484,145.74856908724837
110.0,21.0,28.0,2.844854462491379,184.4854462491379
110.0,21.0,29.0,3.2900941902665517,229.00941902665517
110.0,21.0,30.0,3.8013687041243114,280.13687041243116
110.0,21.0,31.0,4.387924575175549,338.7924575175549
110.0,22.0,25.0,1.5699624380316053,56.99624380316053
110.0,22.0,26.0,1.8210110863060176,82.10110863060176
110.0,22.0,27.0,2.1101175204957565,111.01175204957565
110.0,22.0,28.0,2.4427313114618197,144.27313114618195
110.0,22.0,29.0,2.825035938458691,182.5035938458691
110.0,22.0,30.0,3.2640412655217284,226.40412655217284
110.0,22.0,31.0,3.7676868512730106,276.76868512730107
110.0,22.0,32.0,4.344957262623385,334.4957262623385
110.0,23.0,26.0,1.5652193225190625,56.52193225190625
110.0,23.0,27.0,1.8137158750448945,81.37158750448945
110.0,23.0,28.0,2.099608441252429,109.96084412524291
110.0,23.0,29.0,2.4282119262964446,142.82119262964446
110.0,23.0,30.0,2.8055515404125524,180.55515404125524
110.0,23.0,31.0,3.238451597115921,223.84515971159212
110.0,23.0,32.0,3.734634629146234,273.4634629146234
110.0,23.0,33.0,4.302831927432323,330.28319274323235
110.0,24.0,27.0,1.5605378893907818,56.053788939078174
110.0,24.0,28.0,1.8065224937053785,80.65224937053786
110.0,24.0,29.0,2.089255967041906,108.92559670419062
110.0,24.0,30.0,2.41392245593268,141.392245593268
110.0,24.0,31.0,2.7863936627518315,178.63936627518316
110.0,24.0,32.0,3.2133141259897333,221.33141259897334
110.0,24.0,33.0,3.70219632899905,270.219632899905
110.0,24.0,34.0,4.261526681133118,326.1526681133118
110.0,25.0,28.0,1.5559170412538523,55.591704125385235
110.0,25.0,29.0,1.799428999078906,79.9428999078906
110.0,25.0,30.0,2.0790569165553623,107.90569165553623
110.0,25.0,31.0,2.399857958383309,139.98579583833092
110.0,25.0,32.0,2.767554915562837,176.75549155628372
110.0,25.0,33.0,3.1886181204099144,218.86181204099145
110.0,25.0,34.0,3.670356725718331,267.0356725718331
110.0,25.0,35.0,4.221020334247951,322.10203342479514
110.0,26.0,29.0,1.5513557054665557,55.135570546655565
110.0,26.0,30.0,1.7924334948135578,79.24334948135578
110.0,26.0,31.0,2.069008189794105,106.9008189794105
110.0,26.0,32.0,2.3860136246821413,138.60136246821412
110.0,26.0,33.0,2.749028117355049,174.90281173550488
110.0,26.0,34.0,3.164353164506822,216.43531645068222
110.0,26.0,35.0,3.6391010602684855,263.91010602684855
110.0,26.0,36.0,4.181292370063105,318.12923700631046
110.0,27.0,30.0,1.5468528334643967,54.685283346439675
110.0,27.0,31.0,1.785534130055382,78.5534130055382
110.0,27.0,32.0,2.059106765580795,105.9106765580795
110.0,27.0,33.0,2.3723847746140594,137.23847746140595
110.0,27.0,34.0,2.730806288078513,173.0806288078513
110.0,27.0,35.0,3.140509147272502,214.0509147272502
110.0,27.0,36.0,3.6084150228669634,260.8415022866963
110.0,27.0,37.0,4.142322919524938,314.2322919524938
110.0,28.0,31.0,1.5424074001075005,54.24074001075005
110.0,28.0,32.0,1.7787290981353179,77.87290981353179
110.0,28.0,33.0,2.0493496991589812,104.93496991589812
110.0,28.0,34.0,2.3589668526032312,135.89668526032312
110.0,28.0,35.0,2.7128826424102903,171.28826424102903
110.0,28.0,36.0,3.117076251998863,211.7076251998863
110.0,28.0,37.0,3.5782847368546236,257.82847368546237
110.0,28.0,38.0,4.104092737205763,310.40927372057627
110.0,29.0,32.0,1.5380184030486872,53.80184030486872
110.0,29.0,33.0,1.7720166353004805,77.20166353004805
110.0,29.0,34.0,2.039734119877538,103.97341198775378
110.0,29.0,35.0,2.3457554237530975,134.57554237530977
110.0,29.0,36.0,2.695250583299089,169.52505832990892
110.0,29.0,37.0,3.0940449461360084,209.40449461360083
110.0,29.0,38.0,3.548696743229822,254.86967432298223
110.0,29.0,39.0,4.066583178288776,306.6583178288776
110.0,30.0,33.0,1.5336848621214771,53.368486212147715
110.0,30.0,34.0,1.7653950194877193,76.53950194877193
110.0,30.0,35.0,2.0302572289562195,103.02572289562195
110.0,30.0,36.0,2.332746170031835,133.2746170031835
110.0,30.0,37.0,2.6779036957559934,167.79036957559933
110.0,30.0,38.0,3.071405971551993,207.14059715519932
110.0,30.0,39.0,3.5196379858148217,251.96379858148217
110.0,30.0,40.0,4.029776176523066,302.97761765230666
110.0,31.0,34.0,1.5294058187472512,52.940581874725126
110.0,31.0,35.0,1.7588625691378372,75.88625691378373
110.0,31.0,36.0,2.020916297329495,102.0916297329495
110.0,31.0,37.0,2.3199348865969065,131.99348865969066
110.0,31.0,38.0,2.6608357408812493,166.08357408812492
110.0,31.0,39.0,3.049150335176013,204.91503351760133
110.0,31.0,40.0,3.491095797025557,249.10957970255572
110.0,32.0,35.0,1.525180335360942,52.51803353609421
110.0,32.0,36.0,1.7524176420493514,75.24176420493514
110.0,32.0,37.0,2.0117086635653627,101.17086635653627
110.0,32.0,38.0,2.307317478253533,130.7317478253533
110.0,32.0,39.0,2.64404065011701,164.404065011701
110.0,32.0,40.0,3.0272693000082516,202.72693000082515
110.0,33.0,36.0,1.521007494854616,52.10074948546159
110.0,33.0,37.0,1.7460586342697353,74.60586342697353
110.0,33.0,38.0,2.0026317318562143,100.26317318562144
110.0,33.0,39.0,2.294889956041077,129.48899560410769
110.0,33.0,40.0,2.627512519715986,162.7512519715986
110.0,34.0,37.0,1.5168864000381428,51.68864000381428
110.0,34.0,38.0,1.7397839790231484,73.97839790231484
110.0,34.0,39.0,1.9936829700789271,99.36829700789272
110.0,34.0,40.0,2.282648433942237,128.26484339422367
110.0,35.0,38.0,1.5128161731166654,51.28161731166654
110.0,35.0,39.0,1.7335921456732417,73.35921456732417
110.0,35.0,40.0,1.9848599079215326,98.48599079215326
110.0,36.0,39.0,1.5087959551839234,50.87959551839234
110.0,36.0,40.0,1.7274816387194294,72.74816387194294
110.0,37.0,40.0,1.5048249057311336,50.48249057311336
120.0,15.0,18.0,1.6755267183259297,67.55267183259296
120.0,15.0,19.0,1.9853884000231683,98.53884000231683
120.0,15.0,20.0,2.3498320798025105,134.98320798025105
120.0,15.0,21.0,2.7779890555476725,177.79890555476726
120.0,15.0,22.0,3.2804365657511423,228.04365657511423
120.0,15.0,23.0,3.869413652433537,286.94136524335374
120.0,15.0,24.0,4.559067262085222,355.9067262085222
120.0,15.0,25.0,5.365732536147758,436.57325361477575
120.0,16.0,19.0,1.6695966154226034,66.95966154226033
120.0,16.0,20.0,1.9760726350591886,97.60726350591887
120.0,16.0,21.0,2.3361278451960854,133.61278451960854
120.0,16.0,22.0,2.7586570905837577,175.86570905837578
120.0,16.0,23.0,3.2539526964586165,225.39526964586165
120.0,16.0,24.0,3.8339114251763813,283.3911425176381
120.0,16.0,25.0,4.51227018426757,351.227018426757
120.0,16.0,26.0,5.304874211109363,430.4874211109363
120.0,17.0,20.0,1.663748075030344,66.37480750303439
120.0,17.0,21.0,1.9668954149316251,96.68954149316251
120.0,17.0,22.0,2.3226425702666855,132.26425702666856
120.0,17.0,23.0,2.739655131558797,173.9655131558797
120.0,17.0,24.0,3.2279495400648517,222.79495400648517
120.0,17.0,25.0,3.7990915414235884,279.90915414235883
120.0,17.0,26.0,4.466421982887767,346.64219828877674
120.0,17.0,27.0,5.245313466793703,424.53134667937024
120.0,18.0,21.0,1.6579795625839058,65.79795625839057
120.0,18.0,22.0,1.957853927288445,95.7853927288445
120.0,18.0,23.0,2.3093715009806512,130.93715009806513
120.0,18.0,24.0,2.72097556679987,172.09755667998698
120.0,18.0,25.0,3.202415382255931,220.2415382255931
120.0,18.0,26.0,3.76493651329236,276.493651329236
120.0,18.0,27.0,4.4214971783806885,342.14971783806885
120.0,18.0,28.0,5.187013915650752,418.7013915650752
120.0,19.0,22.0,1.6522895800705097,65.22895800705098
120.0,19.0,23.0,1.9489454317293198,94.89454317293198
120.0,19.0,24.0,2.2963100127068437,129.63100127068435
120.0,19.0,25.0,2.7026110035120294,170.26110035120294
120.0,19.0,26.0,3.1773388626369545,217.73388626369547
120.0,19.0,27.0,3.7314294055979684,273.14294055979684
120.0,19.0,28.0,4.377471130535374,337.7471130535374
120.0,19.0,29.0,5.129940415789818,412.9940415789818
120.0,20.0,23.0,1.6466766649805624,64.66766649805624
120.0,20.0,24.0,1.940167257597566,94.0167257597566
120.0,20.0,25.0,2.283453606012016,128.34536060120158
120.0,20.0,26.0,2.684554260299479,168.45542602994792
120.0,20.0,27.0,3.152708962081316,215.2708962081316
120.0,20.0,28.0,3.698553815271626,269.8553815271626
120.0,20.0,29.0,4.334320006038523,333.4320006038523
120.0,20.0,30.0,5.074059021103285,407.40590211032855
120.0,21.0,24.0,1.6411393892933877,64.11393892933876
120.0,21.0,25.0,1.9315168018507258,93.15168018507258
120.0,21.0,26.0,2.2707979026139693,127.07979026139694
120.0,21.0,27.0,2.6667983599809473,166.67983599809472
120.0,21.0,28.0,3.1285149905991387,212.85149905991386
120.0,21.0,29.0,3.666293851654936,266.6293851654936
120.0,21.0,30.0,4.292020747450067,329.2020747450067
120.0,21.0,31.0,5.019336933662736,401.9336933662736
120.0,22.0,25.0,1.6356763584968554,63.567635849685544
120.0,22.0,26.0,1.9229915270066429,92.2991527006643
120.0,22.0,27.0,2.2583386414860365,125.83386414860365
120.0,22.0,28.0,2.649336522686641,164.9336522686641
120.0,22.0,29.0,3.104746575700673,210.47465757006728
120.0,22.0,30.0,3.6346341176299197,263.463411762992
120.0,22.0,31.0,4.250551043540306,325.0551043540306
120.0,22.0,32.0,4.9657424582717375,396.57424582717374
120.0,23.0,26.0,1.6302862106393958,63.02862106393958
120.0,23.0,27.0,1.9145889591618952,91.45889591618952
120.0,23.0,28.0,2.246071675106469,124.60716751064692
120.0,23.0,29.0,2.632162159223703,163.21621592237028
120.0,23.0,30.0,3.0813936512321813,208.13936512321814
120.0,23.0,31.0,3.603559691544453,260.3559691544453
120.0,23.0,32.0,4.2098893009209934,320.98893009209934
120.0,23.0,33.0,4.913244959066633,391.3244959066633
120.0,24.0,27.0,1.6249676154133192,62.49676154133192
120.0,24.0,28.0,1.9063066860799425,90.63066860799425
120.0,24.0,29.0,2.233992965846431,123.39929658464311
120.0,24.0,30.0,2.615268864698963,161.5268864698963
120.0,24.0,31.0,3.05844644666281,205.844644666281
120.0,24.0,32.0,3.5730561098953726,257.3056109895373
120.0,24.0,33.0,4.170014616908126,317.00146169081256
120.0,24.0,34.0,4.861814818062125,386.18148180621245
120.0,25.0,28.0,1.6197192732682848,61.97192732682848
120.0,25.0,29.0,1.8981423553458066,89.81423553458066
120.0,25.0,30.0,2.2220985824910104,122.20985824910105
120.0,25.0,31.0,2.5986504123874803,159.86504123874803
120.0,25.0,32.0,3.035895476801491,203.5895476801491
120.0,25.0,33.0,3.543109350733982,254.3109350733982
120.0,25.0,34.0,4.130906753555984,313.0906753555984
120.0,25.0,35.0,4.8114233955438115,381.1423395543811
120.0,26.0,29.0,1.6145399145536368,61.45399145536368
120.0,26.0,30.0,1.8900936725850506,89.00936725850505
120.0,26.0,31.0,2.210384696887758,121.0384696887758
120.0,26.0,32.0,2.5823007478360998,158.23007478360998
120.0,26.0,33.0,3.0137315319251003,201.37315319251005
120.0,26.0,34.0,3.5137058177600466,251.37058177600466
120.0,26.0,35.0,4.092546112805877,309.2546112805877
120.0,26.0,36.0,4.762042992216855,376.20429922168546
120.0,27.0,30.0,1.6094282986887434,60.94282986887434
120.0,27.0,31.0,1.8821583997444022,88.21583997444023
120.0,27.0,32.0,2.198847580717199,119.8847580717199
120.0,27.0,33.0,2.5662139831921884,156.62139831921883
120.0,27.0,34.0,2.991945668299054,199.19456682990543
120.0,27.0,35.0,3.4848323250719777,248.48323250719778
120.0,27.0,36.0,4.054913712696614,305.4913712696614
120.0,27.0,37.0,4.713646813022681,371.3646813022681
120.0,28.0,31.0,1.6043832133601148,60.438321336011484
120.0,28.0,32.0,1.8743343534312786,87.43343534312787
120.0,28.0,33.0,2.1874836023804685,118.74836023804684
120.0,28.0,34.0,2.550384391747467,155.0384391747467
120.0,28.0,35.0,2.970529199072427,197.0529199072427
120.0,28.0,36.0,3.456476082543134,245.6476082543134
120.0,28.0,37.0,4.017991164584758,301.7991164584758
120.0,28.0,38.0,4.66620893254209,366.62089325420897
120.0,29.0,32.0,1.5994034737444163,59.94034737444163
120.0,29.0,33.0,1.866619403310503,86.6619403310503
120.0,29.0,34.0,2.1762892239994343,117.62892239994342
120.0,29.0,35.0,2.5348064026879893,153.48064026879894
120.0,29.0,36.0,2.9494736855318875,194.94736855318874
120.0,29.0,37.0,3.428624681795255,242.8624681795255
120.0,29.0,38.0,3.9817606513280364,298.1760651328036
120.0,29.0,39.0,4.619704261907335,361.9704261907335
120.0,30.0,33.0,1.5944879217564218,59.44879217564218
120.0,30.0,34.0,1.8590114705555352,85.90114705555352
120.0,30.0,35.0,2.1652609985242526,116.52609985242526
120.0,30.0,36.0,2.5194745960415204,151.94745960415204
120.0,30.0,37.0,2.9287709286975074,192.87709286975075
120.0,30.0,38.0,3.401266082741686,240.1266082741686
120.0,30.0,39.0,3.9462049063853026,294.62049063853027
120.0,30.0,40.0,4.574108517148847,357.4108517148847
120.0,31.0,34.0,1.5896354253209302,58.963542532093015
120.0,31.0,35.0,1.8515085263520963,85.15085263520963
120.0,31.0,36.0,2.154395566944457,115.43955669444573
120.0,31.0,37.0,2.5043836978135294,150.43836978135295
120.0,31.0,38.0,2.908412961246016,190.8412961246016
120.0,31.0,39.0,3.374388600674287,237.4388600674287
120.0,31.0,40.0,3.911307193790003,291.1307193790003
120.0,32.0,35.0,1.584844877667841,58.4844877667841
120.0,32.0,36.0,1.8441085904526497,84.41085904526497
120.0,32.0,37.0,2.143689655599152,114.36896555991521
120.0,32.0,38.0,2.48952857530452,148.952857530452
120.0,32.0,39.0,2.8883920397471647,188.83920397471647
120.0,32.0,40.0,3.347980893869593,234.7980893869593
120.0,33.0,36.0,1.5801151966495748,58.011519664957476
120.0,33.0,37.0,1.836809729779135,83.6809729779135
120.0,33.0,38.0,2.133140073582365,113.31400735823651
120.0,33.0,39.0,2.4749042326004744,147.49042326004744
120.0,33.0,40.0,2.8687006371990567,186.87006371990566
120.0,34.0,37.0,1.5754453240798414,57.544532407984136
120.0,34.0,38.0,1.829610057072576,82.9610057072576
120.0,34.0,39.0,2.1227437102397455,112.27437102397455
120.0,34.0,40.0,2.460505806229345,146.0505806229345
120.0,35.0,38.0,1.570834225093345,57.08342250933449
120.0,35.0,39.0,1.8225077295877326,82.25077295877325
120.0,35.0,40.0,2.112497532753031,111.24975327530309
120.0,36.0,39.0,1.5662808875252774,56.62808875252774
120.0,36.0,40.0,1.8155009478307385,81.55009478307385
120.0,37.0,40.0,1.5617843213101883,56.17843213101883
